meanBER_nc,meanTRHOUGHPUT_nc,meanPER_nc,SNRpercomm_nc,meanAWGN_POWER_nc,meanUP_LOSS_nc,meanDOWN_LOSS_nc,meanTEMPERATURE_nc,meanWV_DENSITY_nc,meanUP_THERMAL_POWER_nc,meanDW_THERMAL_POWER_nc
0,1,0,15.894,1.9274e+05,42.194,40.742,294.51,0.011125,2.9077e-11,3.2325e-11
0,1,0,11.675,2.8672e+05,41.603,43.523,288.94,0.0054883,2.7535e-11,3.1634e-11
0,1,0,14.38,3.5406e+05,41.869,39.85,297.21,0.0086071,3.3669e-11,2.9577e-11
0,1,0,20.84,25089,41.832,44.375,286.56,0.0058715,3.6355e-11,2.4019e-11
0,1,0,12.962,2.3026e+05,42.099,43.197,288.85,0.0086096,3.4709e-11,3.4936e-11
0,1,0,13.907,1.4104e+05,43.757,42.246,287.03,0.0088051,3.5215e-11,3.0832e-11
0,1,0,11.7,2.6858e+05,45.31,39.809,289.37,0.0077564,3.3121e-11,3.1014e-11
0,1,0,20.779,41699,44.754,39.265,291.96,0.0082343,4.1781e-11,3.2726e-11
0,1,0,14.138,1.509e+05,40.366,44.907,288.88,0.0061596,2.8091e-11,2.5208e-11
0,1,0,18.098,51536,43.927,42.736,285.48,0.0071724,3.7702e-11,3.3602e-11
0,1,0,10.392,7.3185e+05,40.307,42.104,295.44,0.0070521,2.6876e-11,2.7437e-11
0,1,0,17.848,82396,43.872,40.63,290.47,0.0038901,3.265e-11,2.6476e-11
0,1,0,17.457,1.0869e+05,42.089,41.302,293,0.0050362,3.0896e-11,2.9782e-11
0,1,0,14.938,2.0854e+05,41.192,42.723,291.98,0.0089655,3.8332e-11,3.0145e-11
0,1,0,15.81,2.0493e+05,41.885,40.63,295.25,0.012577,3.0749e-11,2.7734e-11
0,1,0,19.069,69459,42.242,42.586,289.77,0.0059841,2.7966e-11,2.9358e-11
0,1,0,22.231,30652,42.232,42.459,290.23,0.0087176,3.2186e-11,2.9312e-11
0,1,0,22.321,26386,41.604,43.348,289.64,0.0073205,3.7657e-11,2.9184e-11
0,1,0,16.299,1.3455e+05,42.365,41.581,292.16,0.0094074,2.8288e-11,3.0399e-11
0,1,0,20.056,28195,41.702,45.439,284.66,0.0076752,2.941e-11,3.1969e-11
0,1,0,17.092,1.0094e+05,41.322,42.639,292.06,0.0050587,3.0514e-11,2.6936e-11
0,1,0,13.534,1.8838e+05,43.639,41.59,288.78,0.0044505,3.0326e-11,3.2371e-11
0,1,0,16.364,64078,44.772,43.152,282.69,0.0060371,3.3092e-11,3.0491e-11
0,1,0,10.82,6.2303e+05,42.159,41.528,292.52,0.011726,3.5827e-11,2.8974e-11
0,1,0,19.805,99691,40.241,42.286,295.43,0.0093646,3.0576e-11,2.4654e-11
0.023196,0.9768,0.66667,6.8754,5.0482e+05,44.536,43.107,283.18,0.0044584,3.223e-11,3.1461e-11
0,1,0,17.341,48083,43.514,43.734,283.93,0.0053889,3.9576e-11,3.061e-11
0,1,0,23.267,16722,44.792,41.115,287.22,0.0043769,3.6245e-11,2.9872e-11
0.0025773,0.99742,0.33333,9.4131,3.8152e+05,43.603,42.243,287.45,0.0076903,3.528e-11,2.5074e-11
0.018041,0.98196,0.66667,7.0365,2.0497e+06,40.683,40.228,299.1,0.0092713,3.3678e-11,2.9405e-11
0,1,0,12.771,4.3111e+05,42.293,41.144,293.4,0.012725,2.8869e-11,2.4631e-11
0,1,0,19.36,73439,44.663,39.768,291.13,0.0090065,2.9341e-11,2.5953e-11
0,1,0,11.255,5.4906e+05,42.132,40.373,295.21,0.0075435,3.0282e-11,2.4523e-11
0.003866,0.99613,0.66667,9.7292,8.8975e+05,43.175,42.455,288.3,0.0092345,3.2399e-11,2.6974e-11
0,1,0,10.704,3.7321e+05,43.292,41.905,289.19,0.0088176,3.6629e-11,2.6346e-11
0.0012887,0.99871,0.33333,9.4159,1.7891e+05,45.283,44.147,279.18,0.0039163,3.0945e-11,2.6728e-11
0,1,0,24.576,24732,40.422,42.16,295.09,0.0069527,3.3531e-11,2.7146e-11
0.0025773,0.99742,0.33333,8.9374,1.0372e+06,39.434,42.585,296.69,0.011202,4.3077e-11,2.9251e-11
0,1,0,14.724,1.2728e+05,43.352,42.683,287.3,0.0089976,3.3424e-11,2.9844e-11
0,1,0,11.338,5.1601e+05,41.086,41.638,294.79,0.011434,3.3919e-11,2.6714e-11
0.07732,0.92268,0.66667,5.4828,1.8436e+06,42.884,40.102,294.11,0.0086128,3.3042e-11,2.8577e-11
0,1,0,11.781,4.6047e+05,42.05,42.17,291.27,0.0088767,3.1933e-11,2.3128e-11
0,1,0,12.214,3.5894e+05,42.193,41.701,292.01,0.0073904,3.0766e-11,2.8095e-11
0,1,0,17.815,87117,42.04,43.176,289.21,0.010494,3.4708e-11,2.8745e-11
0,1,0,24.882,10294,44.428,43.035,283.86,0.008779,4.9937e-11,3.4561e-11
0,1,0,17.204,93149,43.835,40.287,291.42,0.0073306,3.1227e-11,2.9425e-11
0,1,0,23.783,23052,41.69,41.92,292.78,0.0067607,3.7044e-11,3.4813e-11
0,1,0,22.243,15370,44.575,42.514,284.49,0.0049272,3.0086e-11,2.7941e-11
0,1,0,23.248,20692,44.404,40.449,289.97,0.0075793,3.6427e-11,2.8145e-11
0,1,0,24.752,14571,43.112,42.025,288.94,0.0094512,2.8078e-11,2.6216e-11
0,1,0,20.818,28788,43.492,42.352,287.69,0.0019426,3.1159e-11,3.0198e-11
0.003866,0.99613,0.66667,9.4069,1.0928e+06,42.834,38.813,297.62,0.0082186,2.7796e-11,2.6453e-11
0,1,0,22.511,52625,42.294,39.699,296.65,0.0071233,2.9435e-11,2.6073e-11
0,1,0,23.687,28874,42.527,40.337,294.61,0.011177,2.9247e-11,3.2117e-11
0,1,0,18.389,69800,44.181,40.659,289.92,0.0088374,3.1958e-11,2.8084e-11
0,1,0,20.417,42817,43.163,41.585,289.99,0.0054238,2.7399e-11,3.3752e-11
0,1,0,15.899,1.4159e+05,44.873,39.968,290.23,0.009922,3.4758e-11,2.8883e-11
0.0012887,0.99871,0.33333,10.052,2.7575e+05,43.152,44.663,282.9,0.0057119,3.8373e-11,3.1409e-11
0,1,0,17.312,68277,43.862,41.615,288.32,0.004656,3.2091e-11,2.7633e-11
0.007732,0.99227,0.66667,8.6526,9.646e+05,40.81,42.858,292.67,0.010606,2.683e-11,3.5277e-11
0,1,0,11.623,1.6954e+05,44.218,43.563,282.81,0.005562,3.4634e-11,3.0496e-11
0,1,0,14.978,2.317e+05,41.368,42.751,291.78,0.011406,3.0898e-11,3.1837e-11
0.014175,0.98582,0.66667,8.5689,5.6075e+05,44.666,40.554,289.24,0.0091938,2.9383e-11,3.6968e-11
0,1,0,20.202,28062,43.41,43.117,286,0.0049569,3.1406e-11,3.0429e-11
0.0012887,0.99871,0.33333,9.4477,4.7157e+05,44.89,40.866,287.9,0.01098,2.9931e-11,3.2661e-11
0,1,0,15.533,3.6298e+05,40.947,40.257,298.64,0.011352,4.1266e-11,3.1495e-11
0,1,0,22.116,47669,41.345,41.467,294.6,0.0095468,3.5947e-11,2.7723e-11
0.0090206,0.99098,0.66667,8.1153,1.2434e+06,43.272,39.648,294.66,0.010105,2.8917e-11,2.565e-11
0,1,0,11.839,1.5518e+05,44.912,43.174,282.65,0.0047868,3.0323e-11,2.9163e-11
0,1,0,13.259,2.3373e+05,44.183,41.211,288.72,0.0073637,3.8738e-11,2.5618e-11
0,1,0,14.663,1.2378e+05,42.896,42.641,288.26,0.0075148,3.2604e-11,2.7318e-11
0,1,0,11.381,2.6348e+05,42.015,43.495,287.97,0.0052916,2.882e-11,2.5755e-11
0,1,0,16.236,90356,42.238,42.998,288.89,0.0077913,3.7793e-11,3.0482e-11
0.003866,0.99613,0.66667,9.9174,4.3587e+05,43.996,41.466,288.27,0.0058144,3.0127e-11,3.0662e-11
0,1,0,14.833,3.5752e+05,41.529,40.329,296.98,0.008695,3.1687e-11,2.7087e-11
0,1,0,12.306,2.5503e+05,43.612,41.333,289.42,0.0081088,3.0123e-11,3.2051e-11
0.065722,0.93428,1,5.0062,9.3154e+05,42.529,44.153,285.4,0.0067889,3.1297e-11,3.0372e-11
0,1,0,15.992,77636,43.838,42.265,286.67,0.0053258,3.2457e-11,3.3094e-11
0,1,0,22.613,23545,44.318,40.458,290.04,0.004647,2.8594e-11,2.6632e-11
0,1,0,15.595,2.1828e+05,43.555,39.374,294.49,0.0049361,3.652e-11,2.4814e-11
0,1,0,17.368,1.8018e+05,40.362,40.765,298.69,0.011392,2.9701e-11,3.1291e-11
0,1,0,18.1,1.5571e+05,41.591,40.429,296.6,0.0073485,3.756e-11,3.1714e-11
0,1,0,20.146,42710,43.982,42.632,285.82,0.0065499,3.3952e-11,3.0166e-11
0,1,0,22.825,14169,42.819,44.98,282.92,0.0056253,2.9343e-11,2.5926e-11
0,1,0,24.11,14743,43.848,42.224,286.95,0.0043444,2.8714e-11,4.0074e-11
0.032216,0.96778,0.66667,6.0025,8.4977e+05,42.843,43.109,287.07,0.005791,2.8158e-11,3.2378e-11
0,1,0,16.378,80165,43.624,43.492,284.67,0.0077229,2.4952e-11,3.716e-11
0,1,0,12.25,2.9839e+05,42.71,42.559,288.69,0.006748,3.2007e-11,3.2301e-11
0,1,0,13.808,1.1898e+05,42.732,44.162,284.84,0.004507,2.7681e-11,3.1125e-11
0,1,0,16.153,94746,42.641,42.697,288.58,0.0065943,3.1549e-11,3.0673e-11
0,1,0,17.293,33403,44.522,45.143,278.93,0.0031003,3.9187e-11,3.0774e-11
0,1,0,20.151,39330,42.163,42.757,289.95,0.0082218,2.8475e-11,2.5491e-11
0,1,0,14.105,69670,43.441,45.178,280.88,0.004372,2.7914e-11,2.9679e-11
0,1,0,12.41,3.4489e+05,40.984,42.489,293.1,0.011123,3.3114e-11,3.0336e-11
0,1,0,14.45,2.9051e+05,42.137,41.341,293.04,0.0099493,2.9245e-11,3.5014e-11
0,1,0,21.572,80683,39.534,41.308,299.42,0.0092555,2.8934e-11,3.1435e-11
0.0025773,0.99742,0.33333,9.2495,3.8181e+05,43.311,42.665,286.88,0.0021693,3.3791e-11,2.8038e-11
0,1,0,13.887,2.3173e+05,41.26,42.809,291.45,0.0081187,3.9423e-11,2.8704e-11
0.010309,0.98969,0.66667,7.7662,6.2952e+05,42.366,43.976,286.14,0.0050126,3.8999e-11,2.8985e-11
0.050258,0.94974,1,5.0781,1.2249e+06,43.603,41.772,288.68,0.0078209,3.2556e-11,3.3273e-11
0,1,0,10.764,6.3223e+05,41.081,41.959,293.94,0.0089541,2.9969e-11,3.4425e-11
0,1,0,24.096,29202,40.947,41.544,295.18,0.0049906,3.6258e-11,2.6026e-11
0,1,0,11.381,2.6807e+05,43.629,42.871,285.85,0.0062473,3.6366e-11,3.1603e-11
0,1,0,20.49,57486,42.422,40.99,293.24,0.00967,3.5201e-11,2.5952e-11
0,1,0,14.08,1.0633e+05,44.88,42.84,282.95,0.0013194,3.0136e-11,2.978e-11
0.023196,0.9768,1,7.3259,1.5893e+06,42.474,40.613,294.29,0.012565,3.6833e-11,3.1048e-11
0,1,0,19.734,50109,44.862,39.419,291.44,0.0099848,3.4436e-11,3.2793e-11
0,1,0,16.44,99288,42.67,43.482,286.91,0.0041476,3.3601e-11,2.5495e-11
0,1,0,16.291,2.4797e+05,41.727,41.168,294.63,0.0042322,3.4806e-11,2.9628e-11
0,1,0,12.574,1.1727e+05,43.307,45.53,280.68,0.004306,3.621e-11,3.2332e-11
0.0064433,0.99356,0.66667,8.9627,4.081e+05,44.385,41.725,286.88,0.0066087,3.2815e-11,4.1821e-11
0,1,0,23.539,33009,41.355,42.638,291.9,0.0088422,3.3968e-11,2.7355e-11
0,1,0,24.484,8376.4,43.634,44.546,282.1,0.0027035,3.3679e-11,3.1526e-11
0,1,0,20.612,39074,42.755,41.809,290.64,0.010859,3.312e-11,2.5913e-11
0.055412,0.94459,0.66667,5.6886,1.2003e+06,41.186,44.49,287.82,0.0041074,3.2e-11,2.858e-11
0,1,0,13.76,2.1092e+05,44.082,41.288,288.62,0.004929,4.2775e-11,3.0941e-11
0.0051546,0.99485,0.66667,9.2373,1.0476e+06,41.757,40.572,295.72,0.011208,3.2045e-11,2.6307e-11
0,1,0,24.397,9764.3,45.178,43.406,281.34,0.0075207,3.1393e-11,3.1056e-11
0,1,0,12.82,2.7583e+05,40.952,43.318,291.24,0.011552,3.4505e-11,3.0241e-11
0.0064433,0.99356,1,9.1825,7.6214e+05,41.487,41.997,293.19,0.006382,4.1819e-11,2.8299e-11
0,1,0,15.275,2.0657e+05,41.443,42.621,292.01,0.0098223,3.127e-11,3.4272e-11
0,1,0,15.245,85013,44.697,42.065,285.43,0.0051691,3.6901e-11,2.6889e-11
0.007732,0.99227,1,8.4432,5.4783e+05,41.839,43.333,288.75,0.0085292,3.3731e-11,3.1296e-11
0,1,0,10.632,1.0231e+06,40.446,40.285,299.76,0.015936,2.9783e-11,2.9682e-11
0,1,0,15.849,1.555e+05,40.883,42.54,293.02,0.0082353,3.5452e-11,2.6553e-11
0.037371,0.96263,1,6.2227,1.3818e+06,43.189,41.4,290.53,0.0077397,3.6364e-11,2.9511e-11
0.003866,0.99613,0.33333,8.6982,1.4478e+06,39.821,40.925,299.58,0.010195,3.4989e-11,2.5668e-11
0.014175,0.98582,0.66667,6.9186,1.8385e+06,41.711,40.673,295.6,0.0070907,3.1853e-11,3.2285e-11
0,1,0,17.8,48967,40.918,45.83,285.63,0.0070991,2.587e-11,3.069e-11
0.069588,0.93041,1,5.2409,7.333e+05,42.94,44.673,283.2,0.0049542,3.5363e-11,2.752e-11
0,1,0,19.132,1.0982e+05,41.992,40.171,296.37,0.010523,3.6623e-11,3.1257e-11
0,1,0,10.802,4.5154e+05,41.986,42.613,290.45,0.0039395,3.1779e-11,2.8624e-11
0,1,0,15.52,1.579e+05,42.644,41.099,292.88,0.01035,3.16e-11,3.2529e-11
0.028351,0.97165,0.66667,6.6274,4.9442e+05,43.661,43.792,283.54,0.006357,3.5515e-11,2.913e-11
0,1,0,24.253,27974,41.572,41.652,293.76,0.0076498,3.0414e-11,3.0054e-11
0.0012887,0.99871,0.33333,11.293,8.0343e+05,39.88,42.91,295.07,0.0091719,2.8596e-11,3.4934e-11
0,1,0,18.97,78196,39.442,43.638,294.08,0.0086215,3.5329e-11,2.7571e-11
0,1,0,16.901,63259,43.898,42.289,286.46,0.0049121,2.8522e-11,3.2103e-11
0,1,0,14.805,1.9987e+05,40.087,43.107,293.72,0.0080545,2.8464e-11,3.0199e-11
0,1,0,22.845,28012,43.58,42.617,286.69,0.0042739,3.3589e-11,2.8038e-11
0,1,0,24.319,23903,40.916,42.649,292.77,0.0098796,4.0914e-11,3.2153e-11
0,1,0,14.841,3.3162e+05,41.406,41.729,293.89,0.0079719,3.4071e-11,2.9381e-11
0,1,0,19.988,27900,44.15,42.589,285.54,0.0058522,3.6318e-11,2.9541e-11
0.024485,0.97552,0.66667,7.4251,7.2248e+05,43.083,43.622,285.56,0.0087963,3.1091e-11,2.8528e-11
0,1,0,17.813,67165,41.986,43.383,288.59,0.0086305,3.198e-11,3.1662e-11
0,1,0,22.051,54666,40.566,42.313,294.44,0.007748,3.4221e-11,3.1764e-11
0.01933,0.98067,1,7.3315,1.2936e+06,41.632,41.824,292.95,0.0089673,2.9051e-11,3.3978e-11
0,1,0,12.757,2.1189e+05,41.581,43.467,289.05,0.0057173,3.1111e-11,3.2824e-11
0,1,0,16.135,76998,43.276,42.946,286.85,0.0067394,2.9999e-11,2.9795e-11
0,1,0,14.13,1.3284e+05,43.627,42.054,288.32,0.0070479,3.2262e-11,2.5571e-11
0,1,0,23.685,15593,44.776,41.3,287.04,0.0053362,3.1276e-11,3.0439e-11
0,1,0,22.576,55788,40.275,42.712,294.5,0.0094699,2.8443e-11,3.0369e-11
0,1,0,10.657,1.8471e+05,45.064,43.316,282,0.0082802,4.3574e-11,4.2754e-11
0.010309,0.98969,0.66667,8.6043,8.3803e+05,40.217,43.64,292.29,0.0071634,3.0223e-11,2.9819e-11
0,1,0,12.575,1.6812e+05,44.618,42.107,285.27,0.0057258,3.2669e-11,2.7112e-11
0,1,0,20.929,11581,44.485,45.017,278.82,0.0019995,2.8484e-11,3.1024e-11
0,1,0,13.261,2.2174e+05,43.875,41.702,287.95,0.002959,3.0737e-11,2.6538e-11
0.04768,0.95232,1,5.605,1.7824e+06,41.28,43.233,290.56,0.0064552,3.2537e-11,2.8353e-11
0,1,0,21.472,19749,43.69,43.174,284.84,0.006544,3.4419e-11,2.773e-11
0,1,0,15.101,2.2941e+05,42.323,41.006,293.38,0.010279,3.7241e-11,3.4972e-11
0,1,0,11.947,5.4989e+05,42.278,40.011,295.88,0.010326,3.4314e-11,2.7603e-11
0,1,0,22.054,21713,43.845,42.724,285.63,0.0053605,3.3995e-11,2.8277e-11
0,1,0,11.056,2.6294e+05,44.279,41.464,287.75,0.0072875,3.7191e-11,2.5251e-11
0,1,0,20.468,34427,43.988,43.322,284.26,0.0092663,3.5618e-11,2.7671e-11
0,1,0,20.887,89112,41.364,40.577,296.78,0.011283,3.4906e-11,3.5145e-11
0,1,0,24.618,26072,42.695,39.869,295.24,0.0058578,3.9564e-11,2.9198e-11
0.0012887,0.99871,0.33333,11.734,2.6648e+05,41.302,43.828,288.93,0.0080782,3.5977e-11,3.5382e-11
0,1,0,15.565,2.7725e+05,41.023,41.554,295.27,0.0093958,3.9809e-11,3.077e-11
0,1,0,24.626,5746,43.731,45.521,279.6,0.0055197,3.1572e-11,2.4245e-11
0.027062,0.97294,0.66667,6.916,5.7785e+05,42.314,45.154,283.95,0.0083788,2.5564e-11,2.5203e-11
0,1,0,18.04,1.0311e+05,41.381,42.718,291.45,0.0055995,2.5389e-11,3.5913e-11
0,1,0,17.901,75874,40.899,44.776,288.13,0.0050875,2.9914e-11,2.7395e-11
0,1,0,16.152,73529,43.503,43.188,285.28,0.0047263,3.412e-11,3.0146e-11
0,1,0,23.171,32132,42.519,41.971,290.62,0.0056527,2.6888e-11,3.8101e-11
0,1,0,22.68,50783,41.441,41.196,295.1,0.0073042,3.2252e-11,3.2704e-11
0,1,0,23.89,21327,42.825,40.985,292.76,0.012512,3.929e-11,3.3636e-11
0,1,0,16.476,2.8859e+05,40.628,40.728,298.24,0.0095312,3.1826e-11,2.2392e-11
0,1,0,19.094,1.119e+05,39.263,42.954,296.37,0.013322,2.9975e-11,3.125e-11
0,1,0,20.138,25891,45.296,41.831,284.6,0.0058542,3.7119e-11,3.6529e-11
0.015464,0.98454,0.66667,8.1516,5.3108e+05,43.408,42.643,287,0.0085587,2.7708e-11,3.2711e-11
0.0025773,0.99742,0.66667,9.596,5.3552e+05,43.302,42.421,287.76,0.0076779,4.2545e-11,4.0412e-11
0,1,0,18.96,46385,44.551,41.505,286.85,0.0064724,2.7343e-11,2.7967e-11
0,1,0,11.554,3.8283e+05,41.157,42.483,292.66,0.012793,3.1237e-11,2.8517e-11
0.012887,0.98711,0.66667,8.1262,8.294e+05,43.253,41.658,289.75,0.00772,3.5124e-11,2.8321e-11
0.051546,0.94845,0.66667,5.4826,1.1935e+06,44.214,41.886,286.85,0.0056183,3.5779e-11,2.9937e-11
0,1,0,12.607,4.5706e+05,42.92,39.606,295.31,0.0079968,3.3458e-11,3.0602e-11
0,1,0,18.759,67496,43.009,42.362,288.58,0.010341,2.7991e-11,3.1126e-11
0.007732,0.99227,0.66667,7.7967,9.2513e+05,41.09,43.395,290.63,0.007786,3.2708e-11,2.835e-11
0,1,0,22.153,25760,42.089,43.749,287.49,0.0082746,3.4714e-11,3.6635e-11
0,1,0,24.561,12505,44.563,42.116,285.52,0.0055094,2.9329e-11,2.7201e-11
0,1,0,11.691,2.7252e+05,44.087,41.108,288.91,0.0049799,3.2672e-11,2.9557e-11
0,1,0,16.6,92478,43.412,41.951,288.78,0.0084182,3.5998e-11,2.7404e-11
0,1,0,22.522,18190,41.839,44.345,286.51,0.0059656,3.5717e-11,3.0804e-11
0.0012887,0.99871,0.33333,10.917,5.8403e+05,42.104,42.239,291.13,0.012586,3.9348e-11,2.4969e-11
0,1,0,22.265,24088,43.404,41.906,288.5,0.0055628,3.3848e-11,2.6332e-11
0,1,0,18.671,94578,40.399,42.399,294.78,0.0098623,3.1189e-11,2.5829e-11
0.039948,0.96005,0.66667,6.164,1.474e+06,42.183,41.029,293.68,0.0096067,3.4536e-11,2.6434e-11
0,1,0,20.389,56180,41.181,43.04,291.2,0.0065771,2.9724e-11,3.1328e-11
0.052835,0.94716,0.66667,5.7914,2.2438e+06,43.632,39.236,294.89,0.013847,2.9982e-11,2.3778e-11
0,1,0,23.171,27249,41.378,42.989,290.86,0.0049831,3.2858e-11,2.7465e-11
0,1,0,23.56,24166,43.74,40.148,292.06,0.0061715,2.7717e-11,2.7348e-11
0,1,0,17.623,77962,41.032,43.638,290.11,0.0047849,3.0104e-11,2.973e-11
0.024485,0.97552,0.66667,6.4758,1.0821e+06,41.673,42.684,290.65,0.0053619,3.9012e-11,2.857e-11
0,1,0,15.957,45045,43.417,45.679,280.12,0.005724,3.5963e-11,3.0023e-11
0,1,0,23.425,7793.2,43.149,45.884,280.06,0.0021602,3.7938e-11,3.0095e-11
0,1,0,17.385,72873,43.213,42.832,287,0.0059393,3.6882e-11,3.0948e-11
0,1,0,21.269,28444,42.871,42.734,287.84,0.0032596,3.2868e-11,2.4925e-11
0.010309,0.98969,0.66667,8.8366,9.4408e+05,41.159,41.695,294.51,0.010834,3.0127e-11,2.9985e-11
0,1,0,14.008,2.7899e+05,41.982,41.689,292.78,0.011571,3.3209e-11,2.3417e-11
0,1,0,12.73,2.161e+05,42.082,44.376,286.15,0.010421,2.7519e-11,2.8715e-11
0.0012887,0.99871,0.33333,10.588,5.3417e+05,42.494,40.857,293.26,0.009309,3.1077e-11,2.4877e-11
0,1,0,18.312,39287,42.287,44.768,284.56,0.0033975,3.0136e-11,2.8613e-11
0.0051546,0.99485,0.66667,8.9702,3.6249e+05,43.542,43.473,284.58,0.0047085,3.6692e-11,3.1466e-11
0.011598,0.9884,0.66667,8.7149,9.9046e+05,41.395,42.656,291.73,0.0088845,2.8284e-11,3.4245e-11
0,1,0,11.422,2.3101e+05,43.787,42.189,287.39,0.010765,2.763e-11,2.7926e-11
0.016753,0.98325,0.66667,7.4712,5.6105e+05,45.629,40.581,286.78,0.0095518,3.6193e-11,2.8756e-11
0.0012887,0.99871,0.33333,9.3404,4.1426e+05,44.352,42.488,285.15,0.0063532,3.8891e-11,2.839e-11
0.0025773,0.99742,0.33333,9.2534,9.5645e+05,42.099,40.136,295.93,0.0060368,3.5176e-11,2.7106e-11
0,1,0,18.977,76246,41.381,42.953,290.99,0.0096231,3.4133e-11,2.7652e-11
0,1,0,19.406,63327,41.621,43.919,288.45,0.0075712,4.4449e-11,2.9365e-11
0,1,0,15.008,1.1917e+05,41.593,43.712,289.24,0.0088795,2.9105e-11,2.9924e-11
0,1,0,18.117,52209,41.414,44.397,287.92,0.010244,3.0383e-11,3.0526e-11
0,1,0,11.44,1.4455e+05,43.374,44.923,281.61,0.0049419,3.0918e-11,2.6786e-11
0,1,0,20.469,60114,42.059,43.425,288.84,0.0091106,3.1575e-11,3.3927e-11
0,1,0,20.876,47596,41.937,41.398,293.32,0.011294,3.1002e-11,3.1051e-11
0,1,0,10.393,1.9646e+05,43.292,45.214,281.33,0.0047066,2.6929e-11,2.5907e-11
0,1,0,23.775,29846,42.177,40.549,294.75,0.011115,3.5776e-11,2.7618e-11
0,1,0,12.759,1.1056e+05,45.075,43.578,281.05,0.0020793,3.6861e-11,3.3112e-11
0,1,0,18.406,59513,43.264,43.725,284.79,0.0040824,2.9676e-11,2.8448e-11
0,1,0,18.567,33682,43.822,43.666,283.37,0.0051116,3.1806e-11,3.0959e-11
0.0090206,0.99098,0.66667,8.1547,1.3898e+06,41.431,42.027,293.2,0.0099498,3.3232e-11,4.0303e-11
0.028351,0.97165,0.66667,6.9366,9.0547e+05,44.365,41.541,287.4,0.0073786,2.8709e-11,3.138e-11
0.079897,0.9201,0.66667,5.2481,1.3681e+06,43.29,42.005,288.74,0.0081258,3.3388e-11,3.616e-11
0.0012887,0.99871,0.33333,10.227,6.6203e+05,42.302,43.32,288.2,0.0081977,3.7605e-11,3.2742e-11
0,1,0,19.096,24285,45.108,43.871,280.57,0.0046694,3.4736e-11,3.2092e-11
0.070876,0.92912,0.66667,5.1319,1.0822e+06,41.919,44.006,287.14,0.0063121,3.4668e-11,2.5609e-11
0,1,0,13.953,1.0594e+05,44.514,42.562,284.39,0.0045311,4.0695e-11,3.7371e-11
0,1,0,13.006,5.0529e+05,41.056,40.401,297.75,0.0072378,3.0635e-11,3.1471e-11
0,1,0,22.759,43774,40.389,43.088,293.35,0.012407,3.4437e-11,2.9508e-11
0,1,0,11.74,1.339e+05,43.074,45.432,281.53,0.006264,2.6692e-11,2.9545e-11
0,1,0,22.012,21016,44.235,42.744,284.83,0.0056686,2.8688e-11,3.6157e-11
0,1,0,19.332,74150,43.118,41.108,291.34,0.0068802,3.0073e-11,3.0663e-11
0.003866,0.99613,0.66667,9.4023,6.5712e+05,41.478,42.859,290.94,0.0083507,3.4922e-11,2.6854e-11
0,1,0,15.359,1.0181e+05,43.338,43.08,285.93,0.0049289,3.3982e-11,2.9217e-11
0.042526,0.95747,1,5.9582,1.0315e+06,41.863,43.115,289.15,0.0061532,2.8382e-11,2.9505e-11
0,1,0,16.755,1.1215e+05,43.331,40.94,291.39,0.0088887,3.2235e-11,3.5871e-11
0,1,0,16.445,30019,45.568,44.354,277.98,0.004479,3.3022e-11,3.4089e-11
0,1,0,24.08,41331,41.625,41.265,294.72,0.0091498,3.1554e-11,3.2561e-11
0.0012887,0.99871,0.33333,9.9177,1.1914e+06,41.198,40.695,296.98,0.0089682,3.2285e-11,3.7923e-11
0,1,0,14.063,65530,46.356,43.178,279.13,0.0027563,3.1218e-11,2.437e-11
0,1,0,23.658,42156,40.147,41.751,296.79,0.01038,3.6521e-11,2.8603e-11
0,1,0,22.626,49382,42.95,39.849,294.83,0.0085784,3.1018e-11,3.097e-11
0.0025773,0.99742,0.66667,10.303,4.925e+05,44.067,41.423,288.6,0.0072964,3.2976e-11,2.7773e-11
0,1,0,17.852,1.2154e+05,40.968,42.282,293.6,0.010765,3.5157e-11,2.6611e-11
0,1,0,21.239,79396,40.282,42.235,295.52,0.0092111,3.2275e-11,2.6715e-11
0.010309,0.98969,0.33333,8.0154,1.4615e+06,40.869,40.871,297.23,0.011313,3.1217e-11,3.007e-11
0,1,0,16.636,36032,44.396,44.624,279.91,0.0022378,2.8279e-11,3.5729e-11
0,1,0,22.889,42878,41.442,41.829,293.58,0.011319,3.6369e-11,3.2702e-11
0,1,0,12.382,2.7979e+05,40.96,43.307,290.97,0.0090846,2.6747e-11,2.8155e-11
0,1,0,9.7444,3.5537e+05,44.197,42.297,285.96,0.0057339,3.2964e-11,3.0072e-11
0.018041,0.98196,0.66667,7.8228,1.6006e+06,40.222,40.919,298.72,0.0055939,3.334e-11,2.5488e-11
0.028351,0.97165,0.66667,6.0871,2.7707e+06,40.271,40.25,300.2,0.014575,3.1427e-11,3.382e-11
0.037371,0.96263,1,6.6217,8.8305e+05,43.256,41.73,289.77,0.0062461,3.304e-11,3.1731e-11
0,1,0,20.112,80747,43.206,41.214,291,0.0098895,3.1714e-11,3.3443e-11
0.014175,0.98582,0.66667,8.424,7.9754e+05,43.138,42.91,287.06,0.0062787,2.7769e-11,2.4761e-11
0,1,0,20.221,44778,44.022,41.303,288.74,0.00591,3.1941e-11,3.0766e-11
0.023196,0.9768,0.66667,7.1677,7.9167e+05,42.703,42.476,288.94,0.0088944,4.0058e-11,3.567e-11
0,1,0,24.38,25360,41.077,42.278,293.64,0.011333,3.5181e-11,2.7372e-11
0.0012887,0.99871,0.33333,10.381,3.3111e+05,44.555,41.481,286.92,0.0064561,3.7678e-11,2.8104e-11
0,1,0,15.306,1.204e+05,41.226,43.95,288.86,0.0039668,2.9588e-11,3.0855e-11
0,1,0,22.944,39739,41.866,40.521,295.58,0.0070293,3.0598e-11,2.9103e-11
0.051546,0.94845,1,5.9482,7.5558e+05,43.302,43.321,285.49,0.0050475,3.2673e-11,2.8049e-11
0,1,0,22.822,18143,43.788,41.85,288.33,0.0078432,3.3691e-11,3.7378e-11
0,1,0,24.72,17491,43.651,42.076,287.81,0.0051439,3.4245e-11,3.0197e-11
0.07732,0.92268,1,5.0902,1.3511e+06,43.214,41.544,289.73,0.0052532,2.8866e-11,3.362e-11
0,1,0,24.82,17260,40.774,43.023,292.42,0.013659,3.302e-11,2.8376e-11
0,1,0,11.559,1.1952e+06,39.092,39.712,304.5,0.012367,3.9336e-11,3.0908e-11
0,1,0,16.352,1.5506e+05,42.439,42.052,290.65,0.0077256,3.4124e-11,2.6467e-11
0,1,0,17.895,1.2107e+05,43.037,39.693,294.86,0.00975,2.6498e-11,3.1843e-11
0,1,0,23.983,11184,44.954,42.697,283.3,0.0046334,2.9092e-11,2.5058e-11
0.014175,0.98582,0.66667,7.7223,8.6508e+05,43.964,41.475,288.47,0.0055344,3.2128e-11,2.8334e-11
0,1,0,24.001,6924.7,44.156,44.579,280.56,0.003358,3.3334e-11,2.8644e-11
0.036082,0.96392,0.66667,5.7883,2.1515e+06,40.468,42.246,294.92,0.014903,2.4473e-11,2.78e-11
0.003866,0.99613,0.33333,8.8002,3.6172e+05,43.156,43.828,284.91,0.0045414,3.9107e-11,3.9046e-11
0.0051546,0.99485,0.33333,9.3555,4.2964e+05,42.821,42.691,288.24,0.0073016,3.4476e-11,2.1787e-11
0,1,0,14.892,78265,42.512,45.778,282.14,0.0081893,3.2498e-11,2.712e-11
0,1,0,24.404,16829,41.38,43.693,289.27,0.0067828,3.051e-11,3.1679e-11
0,1,0,18.271,1.2384e+05,43.312,39.771,294.23,0.012913,3.1357e-11,2.8334e-11
0,1,0,13.629,1.937e+05,41.278,44.662,287.57,0.0087224,3.1688e-11,2.9128e-11
0.046392,0.95361,0.66667,5.9931,1.3999e+06,41.44,42.834,290.97,0.0058513,3.4876e-11,3.2932e-11
0,1,0,20.7,1.0054e+05,40.455,40.26,299.69,0.0092414,3.3826e-11,3.0915e-11
0,1,0,16.165,1.2483e+05,42.022,43.123,288.95,0.0065798,3.5671e-11,3.0322e-11
0.0090206,0.99098,0.66667,8.635,2.9033e+05,45.161,42.891,282.43,0.0027379,3.6052e-11,2.8521e-11
0.060567,0.93943,1,5.1279,6.0239e+05,44.277,44.159,281.23,0.0035805,2.8541e-11,2.9884e-11
0,1,0,11.322,2.4294e+05,42.519,43.554,286.83,0.0072274,2.9685e-11,2.5049e-11
0,1,0,24.86,18675,42.453,42.826,288.88,0.0065491,3.0791e-11,2.6644e-11
0,1,0,16.185,1.0616e+05,43.113,42.598,287.67,0.009207,2.5859e-11,2.463e-11
0.0012887,0.99871,0.33333,10.803,4.7333e+05,43.116,40.722,292.55,0.0061035,3.1523e-11,3.3079e-11
0,1,0,20.482,86129,40.259,41.593,296.85,0.0082635,3.1086e-11,3.4737e-11
0.015464,0.98454,1,7.5302,7.342e+05,43.905,42.346,286.63,0.0092841,3.3098e-11,2.7375e-11
0,1,0,18.664,99748,41.951,41.888,292.17,0.0074259,4.2043e-11,2.5859e-11
0,1,0,19.781,55241,42.551,42.004,290.61,0.010082,3.1251e-11,2.7304e-11
0.003866,0.99613,0.66667,9.4838,7.5313e+05,41.993,42.087,291.78,0.0096046,3.2066e-11,3.4154e-11
0,1,0,16.874,1.596e+05,43.467,39.335,294.86,0.0092887,3.1209e-11,3.3033e-11
0,1,0,13.84,1.8059e+05,42.857,42.86,287.88,0.0053064,2.9171e-11,2.7307e-11
0,1,0,11.434,3.0849e+05,42.566,42.279,289.86,0.0087094,3.7946e-11,3.159e-11
0,1,0,11.681,2.61e+05,41.795,43.484,289.07,0.0077119,3.8011e-11,2.8128e-11
0,1,0,15.4,1.5429e+05,42.577,41.796,291.11,0.009262,3.4414e-11,2.4363e-11
0,1,0,12.701,4.0889e+05,42.591,40.171,294.82,0.010944,3.4194e-11,3.06e-11
0.003866,0.99613,0.66667,8.4904,4.848e+05,42.089,43.858,287.1,0.0078291,3.9508e-11,2.8862e-11
0,1,0,16.817,1.4853e+05,42.408,40.313,294.72,0.009871,3.8918e-11,2.7164e-11
0,1,0,23.679,19871,44.808,42.046,285.3,0.0056603,2.77e-11,3.3655e-11
0,1,0,24.481,6617.7,44.298,44.806,279.81,0.0039576,3.5463e-11,2.9565e-11
0,1,0,13.189,2.6528e+05,43.329,41.574,289.73,0.01001,3.2136e-11,2.7343e-11
0,1,0,14.631,92132,45.04,42.252,284.12,0.0073546,3.3815e-11,2.931e-11
0,1,0,22.495,49380,42.531,39.776,295.87,0.010162,3.2594e-11,3.6123e-11
0.073454,0.92655,1,5.0157,2.7161e+06,43.354,40.648,292.01,0.0068534,3.2877e-11,2.5762e-11
0,1,0,24.501,28184,42.319,42.959,289.2,0.011665,4.5046e-11,3.2547e-11
0,1,0,20.266,74221,43.479,40.019,293.2,0.0082176,3.3401e-11,3.3244e-11
0,1,0,19.44,63573,41.503,42.789,291.03,0.0078712,2.9404e-11,2.9262e-11
0.010309,0.98969,0.66667,8.4045,3.6775e+05,43.897,43.046,284.73,0.0030678,2.9035e-11,2.4659e-11
0,1,0,15.78,1.8408e+05,42.532,41.01,292.74,0.0065391,3.4214e-11,2.5446e-11
0,1,0,23.464,23442,42.022,43.712,287.95,0.0067764,2.9027e-11,3.1842e-11
0,1,0,19.119,24835,44.703,43.981,280.82,0.0046558,2.8549e-11,3.2809e-11
0.014175,0.98582,0.66667,7.1809,2.0601e+06,40.159,41.982,296.3,0.0064996,3.8464e-11,3.2599e-11
0.03866,0.96134,0.66667,6.7909,3.6649e+05,43.869,44.693,280.96,0.0047027,4.0736e-11,3.2128e-11
0,1,0,23.355,12041,43.924,43.534,283.52,0.0053082,3.6726e-11,2.9411e-11
0,1,0,13.779,2.1836e+05,41.92,42.138,291.6,0.0089375,3.4613e-11,2.7785e-11
0,1,0,13.673,1.4112e+05,44.571,41.309,287.43,0.0053871,3.8643e-11,2.9785e-11
0,1,0,10.825,6.6453e+05,43.529,39.532,294.3,0.0084885,3.0394e-11,2.8028e-11
0,1,0,19.542,64376,40.386,43.066,293.11,0.0092546,2.8134e-11,2.6155e-11
0,1,0,24.389,23373,42.169,42.159,290.94,0.0045543,2.84e-11,2.6845e-11
0,1,0,22.999,46304,39.845,42.235,296.5,0.0090942,3.1351e-11,3.1406e-11
0,1,0,12.107,2.0811e+05,42.79,44.59,284.04,0.0061268,3.1679e-11,3.2263e-11
0,1,0,15.857,2.4292e+05,39.559,42.931,295.61,0.0078169,2.9234e-11,2.5236e-11
0.0051546,0.99485,0.66667,9.3557,6.4326e+05,41.762,43.327,289.15,0.0061646,3.2491e-11,2.5798e-11
0.065722,0.93428,0.66667,5.1456,1.5037e+06,42.79,42.615,288.44,0.0049105,3.6296e-11,2.5306e-11
0,1,0,11.695,1.6152e+05,44.077,43.561,283.1,0.004269,3.123e-11,2.9509e-11
0.0025773,0.99742,0.66667,9.5198,3.4485e+05,43.174,44.204,283.96,0.0073817,3.6774e-11,2.8462e-11
0,1,0,14.59,1.5664e+05,43.352,42.94,286.43,0.0066023,3.6347e-11,2.7533e-11
0,1,0,20.073,28904,43.388,43.94,284.23,0.0054151,3.3132e-11,3.4821e-11
0,1,0,14.606,1.6743e+05,42.378,42.051,290.48,0.0047799,3.219e-11,2.4751e-11
0,1,0,22.214,39602,41.547,41.68,293.46,0.0023435,4.3451e-11,3.0619e-11
0,1,0,19.771,1.2675e+05,41.197,40.346,297.81,0.010059,2.9412e-11,3.142e-11
0,1,0,11.671,2.012e+05,46.307,40.167,286.34,0.0045335,4.0984e-11,3.1616e-11
0,1,0,19.088,68981,44.643,39.859,290.93,0.0077298,3.4944e-11,3.4727e-11
0,1,0,19.567,85025,40.289,41.974,295.96,0.0098601,3.7949e-11,2.8042e-11
0.0064433,0.99356,0.66667,9.0561,4.9181e+05,41.612,43.855,288.41,0.011142,3.025e-11,3.129e-11
0,1,0,20.755,18152,43.664,44.52,281.87,0.0037366,3.144e-11,3.3179e-11
0.007732,0.99227,0.66667,8.9525,1.0307e+06,41.685,42.048,292.76,0.0091666,3.7745e-11,2.4504e-11
0,1,0,11.862,2.9269e+05,44.027,41.839,287.35,0.0069526,2.8126e-11,2.8354e-11
0,1,0,18.477,44620,44.941,41.81,285.4,0.0092508,2.7804e-11,3.4882e-11
0.003866,0.99613,0.66667,9.4991,9.1411e+05,40.716,42.255,294.41,0.013093,3.3146e-11,2.7118e-11
0.010309,0.98969,1,8.1112,7.2591e+05,42.27,42.268,290.24,0.007133,3.4936e-11,2.881e-11
0,1,0,14.795,2.3039e+05,42.835,40.074,294.67,0.013155,3.1715e-11,2.8156e-11
0.015464,0.98454,0.66667,8.075,1.4789e+06,41.796,41.452,293.74,0.004887,2.7953e-11,3.1949e-11
0,1,0,19.615,43522,43.257,42.252,288.29,0.0070901,3.1996e-11,3.1716e-11
0,1,0,22.278,27779,44.434,40.478,289.92,0.010733,4.3892e-11,2.9699e-11
0.0012887,0.99871,0.33333,9.9713,2.6241e+05,45.634,42.61,282.12,0.0057447,2.6135e-11,2.6521e-11
0,1,0,22.154,22806,42.711,43.756,285.96,0.0057311,3.0686e-11,2.8462e-11
0,1,0,18.693,92677,42.499,41.374,292.2,0.010916,2.8347e-11,3.249e-11
0,1,0,19.258,31896,44.563,42.757,283.98,0.0029445,3.4323e-11,3.1447e-11
0,1,0,20.559,19740,43.757,44.521,281.88,0.004805,3.4038e-11,2.83e-11
0,1,0,23.912,11908,44.285,43.755,282.41,0.0075494,3.368e-11,3.4678e-11
0.025773,0.97423,0.66667,6.9683,9.3523e+05,43.437,40.931,290.76,0.010594,3.2099e-11,2.842e-11
0,1,0,13.82,1.3895e+05,44.579,42.844,283.79,0.0039414,3.7952e-11,3.2279e-11
0,1,0,15.298,2.5152e+05,41.631,41.817,293.29,0.013294,4.3405e-11,2.4974e-11
0,1,0,24.216,18440,44.189,40.322,290.7,0.0076295,3.9312e-11,2.902e-11
0.051546,0.94845,0.66667,5.6184,2.9875e+06,40.099,41.235,298.51,0.01696,3.3007e-11,2.9218e-11
0,1,0,17.369,69839,43.683,42.628,286.23,0.0048772,3.214e-11,2.6408e-11
0,1,0,22.127,56783,41.631,40.405,296.82,0.013883,3.1583e-11,2.5728e-11
0,1,0,22.577,21381,44.363,40.756,289.68,0.01286,4.1353e-11,2.8398e-11
0,1,0,17.668,50511,43.26,43.68,284.72,0.005052,4.6496e-11,3.3326e-11
0,1,0,23.537,25913,41.42,43.465,289.69,0.0083618,3.0465e-11,3.1706e-11
0,1,0,24.917,32252,40.174,41.519,297.51,0.014194,3.2538e-11,2.6655e-11
0.0025773,0.99742,0.66667,10.022,1.2202e+06,40.453,39.865,300.66,0.015498,3.1228e-11,3.5938e-11
0,1,0,20.294,66108,41.315,41.957,293.37,0.006579,3.3156e-11,2.7189e-11
0,1,0,12.282,3.5441e+05,40.012,43.292,293.6,0.0068364,3.2589e-11,2.6621e-11
0,1,0,13.109,2.1236e+05,43.791,40.974,290.06,0.0062143,3.4711e-11,2.8943e-11
0,1,0,19.966,26094,43.481,44.034,283.49,0.0074549,2.6546e-11,2.6531e-11
0.0012887,0.99871,0.33333,11.499,1.4364e+05,45.126,42.895,282.35,0.0047052,3.328e-11,3.1626e-11
0.0012887,0.99871,0.33333,11.043,4.2621e+05,43.993,39.81,292.49,0.010969,4.4254e-11,2.6941e-11
0.015464,0.98454,0.66667,7.3913,2.8524e+05,46.336,42.716,280.01,0.0037896,3.3889e-11,3.3438e-11
0,1,0,16.197,1.2908e+05,41.683,42.462,291.35,0.0041163,3.4671e-11,3.0847e-11
0,1,0,22.47,30660,41.956,42.254,291.31,0.0089901,2.8657e-11,2.7196e-11
0,1,0,18.083,74669,43.677,40.864,290.84,0.0071561,2.9946e-11,3.0117e-11
0.018041,0.98196,0.66667,7.1663,7.8539e+05,44.037,42.57,285.75,0.0033522,3.7647e-11,3.5319e-11
0,1,0,22.754,7111.8,44.879,44.937,278.21,0.0037958,3.383e-11,3.0137e-11
0,1,0,9.4702,2.686e+05,45.558,42.06,283.3,0.0057526,3.4531e-11,2.9904e-11
0.06701,0.93299,1,5.5958,1.1153e+06,42.757,42.552,288.85,0.0079401,3.478e-11,2.98e-11
0.0025773,0.99742,0.33333,9.5422,9.1618e+05,39.766,42.229,296.74,0.010609,2.8718e-11,3.3205e-11
0,1,0,16.529,88119,43.497,44.44,282.87,0.0093979,3.4454e-11,3.6218e-11
0,1,0,10.942,5.7624e+05,41.375,41.126,295.16,0.011296,2.883e-11,3.6119e-11
0,1,0,17.514,15889,46.088,45.397,274.57,0.0025387,2.9404e-11,3.129e-11
0,1,0,11.582,3.1245e+05,41.793,42.695,290.39,0.0068296,3.0543e-11,2.6734e-11
0,1,0,17.432,1.0323e+05,42.231,42.406,290.37,0.0082021,2.9881e-11,2.4278e-11
0.023196,0.9768,0.66667,7.4848,8.7771e+05,41.355,43.578,289.72,0.008019,3.8878e-11,3.0533e-11
0.0025773,0.99742,0.33333,9.9606,7.149e+05,42.856,40.179,294.21,0.0074559,2.802e-11,2.6944e-11
0.056701,0.9433,1,5.6355,1.9145e+06,43.373,39.812,293.74,0.007839,3.0183e-11,2.7016e-11
0,1,0,15.676,1.0064e+05,43.651,43.238,284.97,0.0055624,3.0854e-11,2.9725e-11
0,1,0,21.743,13525,43.683,44.471,282,0.003203,3.4137e-11,2.5568e-11
0,1,0,18.612,27392,45.577,43.335,280.48,0.0036964,3.8888e-11,3.0014e-11
0.0012887,0.99871,0.33333,10.942,6.2538e+05,41.906,40.802,294.94,0.011169,2.7661e-11,2.7055e-11
0.037371,0.96263,0.66667,6.594,5.5915e+05,44.679,42.261,285.11,0.0062291,3.3475e-11,2.681e-11
0,1,0,14.119,1.4561e+05,45.141,40.805,287.33,0.0059351,3.3014e-11,2.4649e-11
0.0025773,0.99742,0.66667,9.5545,3.2109e+05,44.878,43.899,280.79,0.0032268,3.2752e-11,2.9414e-11
0,1,0,15.039,74174,45.756,41.772,283.6,0.0065978,3.5045e-11,2.9375e-11
0,1,0,11.495,1.6427e+05,42.186,45.364,283.41,0.0040585,3.1202e-11,2.7996e-11
0.051546,0.94845,0.66667,5.4399,9.0308e+05,44.44,42.985,283.8,0.007017,3.8327e-11,3.1328e-11
0,1,0,17.822,1.0956e+05,43.448,42.298,287.81,0.0064601,3.1019e-11,2.8216e-11
0.037371,0.96263,0.66667,6.521,1.45e+06,42.397,42.142,290.54,0.0093558,3.0218e-11,3.8997e-11
0,1,0,13.087,1.5106e+05,45.239,41.206,286.16,0.0068957,2.9432e-11,2.5563e-11
0.027062,0.97294,0.66667,7.3996,1.1059e+06,42.646,41.855,290.58,0.006595,3.8755e-11,3.7123e-11
0.003866,0.99613,0.66667,8.578,5.8069e+05,44.61,41.43,287.2,0.0076205,2.7147e-11,2.9939e-11
0.033505,0.96649,0.66667,6.5117,1.6042e+06,42.796,39.997,294.67,0.0083917,3.0383e-11,2.9058e-11
0,1,0,22.156,16699,43.995,43.418,283.67,0.0030665,3.2527e-11,2.5209e-11
0.007732,0.99227,0.66667,8.4092,6.1944e+05,41.112,43.583,289.94,0.0058221,2.8722e-11,2.8351e-11
0,1,0,11.319,2.8279e+05,42.993,44.442,283.87,0.0040544,3.8449e-11,2.8022e-11
0.042526,0.95747,0.66667,6.1883,5.0288e+05,42.813,45.091,282.57,0.0056338,2.8892e-11,2.902e-11
0,1,0,10.301,1.4386e+05,44.214,45.101,279.31,0.003813,3.916e-11,3.2026e-11
0.010309,0.98969,0.66667,7.4088,1.6001e+06,41.369,40.208,297.41,0.0092491,3.2839e-11,3.5101e-11
0.023196,0.9768,0.66667,7.1314,1.5846e+06,41.295,41.792,294.02,0.010834,2.9659e-11,3.7178e-11
0,1,0,12.605,5.3305e+05,41.453,42.079,293.13,0.0061491,2.9378e-11,2.8399e-11
0,1,0,11.986,2.3297e+05,42.01,43.679,288.11,0.0087499,3e-11,3.1856e-11
0,1,0,12.836,1.9277e+05,44.306,41.198,288.25,0.0093827,3.6319e-11,2.5965e-11
0.0025773,0.99742,0.66667,8.9089,4.1098e+05,44.043,41.926,286.9,0.0056037,3.8033e-11,3.2433e-11
0,1,0,11.546,2.9423e+05,44.03,41.554,288.09,0.0085668,3.079e-11,2.7737e-11
0,1,0,11.075,4.2135e+05,42.65,42.198,289.76,0.0078452,3.594e-11,2.8546e-11
0.0012887,0.99871,0.33333,9.5582,3.8028e+05,41.323,44.417,287.85,0.0091313,3.3403e-11,2.9919e-11
0.020619,0.97938,0.66667,7.5652,5.3832e+05,42.761,43.783,285.82,0.0069493,3.5156e-11,3.5774e-11
0.030928,0.96907,0.66667,6.7258,5.288e+05,44.55,42.925,283.46,0.0051145,2.9308e-11,3.2199e-11
0,1,0,19.419,68220,43.921,41.096,289.48,0.0061822,3.0885e-11,3.6603e-11
0,1,0,11.129,2.9412e+05,42.899,42.392,288.93,0.011237,3.2989e-11,2.504e-11
0,1,0,21.712,35722,43.591,42.113,288.04,0.0090869,3.0551e-11,2.5605e-11
0,1,0,17.127,76377,44.45,40.656,289.2,0.006423,2.8242e-11,2.6505e-11
0,1,0,20.668,48034,41.338,42.533,291.88,0.0073435,3.4057e-11,3.5829e-11
0,1,0,13.483,3.3296e+05,42.248,41.166,293.11,0.0052385,3.6866e-11,3.147e-11
0,1,0,11.701,3.0136e+05,42.52,43.598,286.82,0.0063059,2.6349e-11,3.0713e-11
0,1,0,12.076,2.3049e+05,44.205,41.189,288.66,0.0069939,2.7642e-11,3.6731e-11
0,1,0,24.237,13550,43.419,43.923,284.11,0.0065241,2.6675e-11,2.8499e-11
0.0012887,0.99871,0.33333,10.248,5.1667e+05,41.131,42.978,291.35,0.0083256,2.9655e-11,3.56e-11
0,1,0,21.795,16071,43.568,43.856,283.74,0.0069078,3.3315e-11,2.5638e-11
0,1,0,22.651,25146,41.125,43.464,290.22,0.0058514,3.1027e-11,3.3388e-11
0,1,0,14.084,5.1675e+05,40.207,39.999,301.01,0.013581,3.1402e-11,3.5806e-11
0,1,0,15.142,1.8922e+05,43.341,41.507,289.94,0.011249,3.1481e-11,3.1507e-11
0.024485,0.97552,0.66667,6.9705,2.6081e+06,41.186,39.414,300.18,0.014586,3.2297e-11,2.6826e-11
0,1,0,21.161,16257,46.141,42.367,281.51,0.0048382,3.0761e-11,3.1659e-11
0,1,0,19.572,26905,43.38,43.868,283.91,0.0046827,3.8984e-11,3.1286e-11
0,1,0,12.188,2.9416e+05,41.712,43.316,289.23,0.0065316,3.1243e-11,2.4757e-11
0.012887,0.98711,0.66667,8.3016,4.7422e+05,45.283,41.024,286.38,0.0061942,2.7492e-11,2.7291e-11
0,1,0,12.996,2.4563e+05,41.52,43.925,288.51,0.0089686,3.0079e-11,2.9515e-11
0.041237,0.95876,1,6.7653,1.0882e+06,41.756,43.624,288.45,0.0041955,3.1575e-11,2.8439e-11
0.003866,0.99613,0.66667,8.3556,8.6952e+05,41.716,42.536,291.07,0.0073076,2.7896e-11,2.9319e-11
0,1,0,18.472,1e+05,41.447,41.246,294.98,0.0091107,3.4499e-11,2.5439e-11
0.0090206,0.99098,0.66667,7.8595,6.2972e+05,43.013,44.447,283.82,0.0049736,2.8975e-11,3.0183e-11
0,1,0,17.173,69901,44.562,41.06,288.01,0.010108,3.0904e-11,3.1296e-11
0,1,0,13.509,3.6842e+05,43.511,41.1,290.73,0.0042746,3.063e-11,2.9977e-11
0,1,0,15.883,1.5441e+05,40.423,42.996,293.15,0.010014,3.3105e-11,3.3113e-11
0,1,0,20.069,72557,42.7,41.393,291.72,0.0094667,2.967e-11,3.3559e-11
0.025773,0.97423,0.66667,6.3785,1.0026e+06,44.836,40.675,288.37,0.010074,3.2258e-11,4.5094e-11
0,1,0,10.757,5.5564e+05,42.21,40.917,293.68,0.011529,3.167e-11,2.9893e-11
0,1,0,18.723,67517,43.267,41.541,289.78,0.0068538,2.7013e-11,3.0242e-11
0,1,0,12.936,1.9887e+05,42.865,42.283,288.74,0.0045154,2.728e-11,2.6078e-11
0.0025773,0.99742,0.66667,10.091,4.4677e+05,43.367,42.204,288.06,0.0076229,3.2719e-11,2.85e-11
0.06701,0.93299,0.66667,5.3221,7.9347e+05,41.654,45.365,284.94,0.0082775,2.6544e-11,3.8311e-11
0,1,0,21.516,54678,42.739,39.977,294.99,0.0087785,2.533e-11,2.9827e-11
0,1,0,14.097,1.037e+05,44.769,42.332,284.72,0.00799,2.6672e-11,2.9885e-11
0.0064433,0.99356,0.66667,9.2918,1.1922e+06,40.564,41.486,296.42,0.0092184,3.4749e-11,3.5651e-11
0,1,0,21.86,31126,43.688,41.844,288.11,0.004714,3.8129e-11,2.8692e-11
0,1,0,14.459,75980,43.361,44.437,282.74,0.0044654,3.6625e-11,3.0589e-11
0,1,0,24.741,17942,41.676,42.749,290.94,0.010833,3.3803e-11,3.3648e-11
0,1,0,23.962,27001,42.52,40.426,294.54,0.013173,3.6252e-11,2.6603e-11
0,1,0,22.646,37603,40.773,43.009,292.45,0.0116,3.5813e-11,2.8456e-11
0.003866,0.99613,0.66667,9.0781,1.1573e+06,40.879,40.807,297.22,0.0068651,3.999e-11,2.7566e-11
0,1,0,11.899,3.7991e+05,39.894,43.972,292.25,0.0083449,2.8421e-11,2.616e-11
0,1,0,19.077,1.8946e+05,40.039,40.091,301.23,0.010881,2.8765e-11,2.8336e-11
0,1,0,23.574,23393,41.345,42.452,291.97,0.0082451,3.0281e-11,2.2916e-11
0,1,0,16.424,91343,40.407,44.622,289.55,0.0078519,2.9001e-11,2.3527e-11
0.046392,0.95361,0.66667,5.9269,9.9347e+05,43.025,43.231,286.59,0.0036647,2.8814e-11,2.8154e-11
0,1,0,23.279,33808,43.35,39.561,294.67,0.0078253,3.1178e-11,2.4859e-11
0,1,0,12.486,4.1801e+05,42.697,39.835,295.27,0.0080659,2.9692e-11,2.9894e-11
0,1,0,22.457,30685,43.294,42.464,287.92,0.0093865,4.4016e-11,2.9005e-11
0,1,0,22.235,35693,42.561,42.369,289.96,0.012383,3.9906e-11,2.8664e-11
0,1,0,24.727,20465,41.661,42.856,290.82,0.0034158,2.6914e-11,3.5795e-11
0.0012887,0.99871,0.33333,10.854,1.314e+05,45.9,43.41,279.4,0.0020735,2.9331e-11,3.3879e-11
0.0051546,0.99485,0.66667,9.1277,6.085e+05,42.841,42.021,289.6,0.0049388,3.0006e-11,3.3892e-11
0,1,0,13.9,1.8502e+05,40.68,44.425,289.41,0.0078796,4.1125e-11,2.5793e-11
0.0012887,0.99871,0.33333,8.9877,6.3418e+05,42.269,43.076,288.58,0.0092017,2.8456e-11,3.1406e-11
0,1,0,19.236,27319,43.53,44.694,281.89,0.0058687,3.0444e-11,3.1895e-11
0,1,0,17.086,93432,41.194,43.01,291.05,0.0036175,3.5584e-11,3.2812e-11
0,1,0,17.959,99909,42.005,42.645,290.24,0.0054832,3.8121e-11,2.6583e-11
0,1,0,14.172,2.6819e+05,41.506,41.943,293.11,0.0076162,3.4119e-11,2.8856e-11
0,1,0,23.982,12051,42.235,44.332,285.71,0.0067784,3.9782e-11,2.3465e-11
0,1,0,23.681,27445,42.253,42.266,290.62,0.0074386,2.9952e-11,2.9392e-11
0.033505,0.96649,0.66667,6.415,1.3763e+06,41.375,42.942,291.32,0.0098003,3.3247e-11,2.4785e-11
0,1,0,14.465,3.7254e+05,42.145,39.548,297.49,0.0066128,3.4643e-11,2.6563e-11
0.037371,0.96263,1,6.0231,8.8705e+05,41.93,44.537,286.21,0.0073551,3.0339e-11,2.8796e-11
0.063144,0.93686,0.66667,5.0302,1.7391e+06,42.918,41.094,291.86,0.0080391,3.4622e-11,2.7084e-11
0,1,0,15.192,2.1663e+05,40.971,41.482,295.5,0.010224,3.4664e-11,2.466e-11
0.0064433,0.99356,0.66667,8.6812,7.228e+05,43.957,40.146,291.53,0.0062449,2.8625e-11,2.5442e-11
0,1,0,15.764,1.6048e+05,43.786,40.336,291.65,0.010066,2.4627e-11,2.8259e-11
0,1,0,15.359,1.7017e+05,41.913,41.991,291.79,0.0039064,3.0752e-11,3.0856e-11
0,1,0,19.438,61727,41.384,42.976,290.91,0.010393,2.8856e-11,2.7933e-11
0,1,0,16.85,1.3217e+05,40.44,42.868,293.42,0.0087347,3.8383e-11,3.52e-11
0.015464,0.98454,0.66667,6.9869,3.0425e+05,45.189,44.637,278.24,0.0044553,3.3908e-11,3.1416e-11
0,1,0,13.449,3.1584e+05,43.443,39.937,293.36,0.0082117,3.1503e-11,2.8889e-11
0,1,0,19.091,1.0771e+05,40.816,41.437,296.17,0.013581,3.0964e-11,2.8655e-11
0,1,0,18.423,85919,43.301,41.725,289.66,0.0064369,3.5653e-11,2.7029e-11
0,1,0,23.788,13205,44.156,42.349,285.84,0.0039921,3.1629e-11,2.4593e-11
0,1,0,11.633,2.5812e+05,43.82,41.622,288.86,0.0091998,3.2522e-11,3.1094e-11
0.024485,0.97552,0.66667,7.2628,5.157e+05,44.665,42.714,283.83,0.0077206,3.8844e-11,3.0486e-11
0,1,0,10.617,3.4748e+05,44.064,41.566,287.8,0.0045713,2.88e-11,3.1742e-11
0,1,0,21.929,33080,42.506,41.907,290.95,0.012222,2.9794e-11,2.677e-11
0,1,0,16.308,91576,42.089,43.089,288.94,0.0047575,2.8411e-11,3.0893e-11
0,1,0,14.348,3.1708e+05,42.126,42.232,291.24,0.0078042,3.1645e-11,3.4373e-11
0,1,0,23.407,10302,44.2,44.021,281.97,0.0046477,3.3644e-11,2.8078e-11
0.011598,0.9884,0.66667,7.1386,1.1317e+06,43.971,43.002,285.13,0.0079392,2.7071e-11,2.6503e-11
0.0064433,0.99356,0.66667,7.9448,7.8727e+05,40.884,44.049,289.6,0.0063644,2.7347e-11,2.7643e-11
0,1,0,22.501,27028,42.503,41.905,291.05,0.0069327,3.4484e-11,2.9864e-11
0,1,0,20.802,22288,45.303,41.423,285.44,0.0065572,3.2568e-11,3.3484e-11
0,1,0,19.163,68763,42.413,41.438,291.99,0.0058188,3.1614e-11,2.8542e-11
0,1,0,24.637,24582,43.113,40.348,293.23,0.010573,3.4925e-11,2.7179e-11
0,1,0,15.392,2.2421e+05,41.116,42.792,292.24,0.010682,3.5549e-11,3.0736e-11
0,1,0,22.095,28985,42.637,42.521,289.42,0.011969,3.0705e-11,3.0596e-11
0.01933,0.98067,0.66667,7.2131,1.3464e+06,40.456,42.595,293.91,0.0076457,2.7138e-11,2.3918e-11
0,1,0,19.163,24173,43.734,45.203,280.31,0.0034409,3.5825e-11,2.9582e-11
0,1,0,23.315,34485,43.216,40.858,292.03,0.0084582,3.5421e-11,2.9335e-11
0,1,0,15.541,3.1005e+05,41.341,39.375,299.83,0.014605,3.2777e-11,3.2497e-11
0.025773,0.97423,1,6.8738,7.3925e+05,42.24,43.438,287.72,0.0063711,3.8326e-11,3.073e-11
0,1,0,23.889,14835,42.069,43.865,287.08,0.0046341,3.0143e-11,2.7317e-11
0,1,0,24.573,19414,42.066,42.435,290.68,0.010788,3.1729e-11,3.3669e-11
0.0051546,0.99485,0.33333,8.7109,8.1654e+05,42.028,41.311,293.22,0.0060724,3.1206e-11,3.0621e-11
0.069588,0.93041,0.66667,5.1236,2.8163e+06,41.696,39.673,298.04,0.0086832,2.6328e-11,2.616e-11
0,1,0,17.197,1.3985e+05,43.386,40.871,291.64,0.0076231,3.5617e-11,3.3817e-11
0,1,0,14.331,1.8228e+05,44.187,40.627,290.3,0.008708,3.0061e-11,2.9598e-11
0,1,0,21.79,33343,42.014,43.216,288.89,0.0071171,3.7884e-11,3.3875e-11
0.0025773,0.99742,0.33333,10.796,4.6784e+05,43.147,40.915,291.56,0.0085628,3.8307e-11,3.1869e-11
0.0012887,0.99871,0.33333,10.927,3.2124e+05,41.498,43.827,288.61,0.0052817,3.5028e-11,3.383e-11
0,1,0,12.568,3.2125e+05,44.336,41.531,287.6,0.0062295,2.7272e-11,2.905e-11
0,1,0,12.882,97148,45.049,43.828,280.64,0.0037181,3.1394e-11,2.7932e-11
0,1,0,18.813,56401,43.39,42.82,286.77,0.007134,4.347e-11,3.4923e-11
0,1,0,20.346,25539,44.415,42.911,284.19,0.0035814,2.6573e-11,3.5046e-11
0,1,0,11.809,1.8521e+05,45.015,41.801,285.23,0.0058059,3.6942e-11,3.1654e-11
0.06701,0.93299,0.66667,5.3112,1.057e+06,44.276,43.111,283.99,0.0065958,3.3742e-11,2.6418e-11
0,1,0,24.179,8125.7,46.097,42.994,280.17,0.0049285,2.9723e-11,2.5263e-11
0.0012887,0.99871,0.33333,10.979,4.3823e+05,42.84,41.148,291.73,0.005967,3.1435e-11,2.8026e-11
0,1,0,18.977,61640,41.69,44.062,287.7,0.0072512,2.642e-11,2.5767e-11
0.07732,0.92268,0.66667,5.1743,2.4467e+06,42.495,42.025,290.78,0.0061249,3.1352e-11,2.4115e-11
0,1,0,16.73,36612,42.676,45.948,280.97,0.0041643,3.4366e-11,3.0828e-11
0,1,0,18.121,65233,43.673,42.645,286.33,0.0052446,3.5635e-11,3.0524e-11
0,1,0,18.784,73359,42.538,43.433,287.36,0.0072557,3.3559e-11,2.5988e-11
0,1,0,22.676,95792,39.078,39.406,305.35,0.017189,2.571e-11,3.2435e-11
0.0012887,0.99871,0.33333,12.249,3.7182e+05,43.02,41.583,290.4,0.0097555,3.3645e-11,2.8504e-11
0,1,0,13.133,2.4182e+05,43.525,43.14,285.73,0.0090307,3.3189e-11,2.5131e-11
0,1,0,14.759,1.004e+05,42.599,44.058,285.32,0.0029998,3.1279e-11,2.7931e-11
0.007732,0.99227,0.33333,8.2916,2.4155e+05,45.041,44.134,279.61,0.002897,3.2472e-11,2.9818e-11
0,1,0,16.554,87431,42.395,42.702,289.51,0.0061533,2.7737e-11,3.8102e-11
0,1,0,13.054,2.96e+05,42.414,41.686,291.87,0.0099126,3.0658e-11,3.16e-11
0.046392,0.95361,0.66667,5.9306,5.8496e+05,44.028,44.659,281.01,0.0040932,3.0248e-11,2.5577e-11
0,1,0,10.996,4.4942e+05,42.141,42.324,290.77,0.0074738,4.181e-11,2.8222e-11
0,1,0,15.173,2.466e+05,41.395,41.846,293.68,0.01448,3.3642e-11,3.8669e-11
0,1,0,17.16,1.6395e+05,41.84,39.907,297.05,0.010856,2.794e-11,3.6556e-11
0.0025773,0.99742,0.66667,9.7172,4.7858e+05,44.065,40.496,290.55,0.0097425,3.2112e-11,3.1375e-11
0,1,0,24.937,11984,43.008,42.362,288.94,0.010972,3.6551e-11,3.8759e-11
0.010309,0.98969,0.66667,8.7686,6.9409e+05,42.304,42.69,289.28,0.0050357,2.7797e-11,3.1481e-11
0,1,0,13.755,1.8685e+05,41.365,43.446,289.82,0.011735,3.0627e-11,2.8016e-11
0,1,0,19.375,48975,44.48,42.18,285.71,0.0060226,2.8799e-11,2.689e-11
0,1,0,19.122,67810,42.054,41.506,292.71,0.0073646,2.5336e-11,3.2749e-11
0,1,0,23.583,22612,42.998,41.626,290.4,0.011503,4.2559e-11,3.2796e-11
0,1,0,10.631,8.0811e+05,41.351,40.494,296.88,0.0075495,3.0667e-11,2.5437e-11
0,1,0,15.856,2.8732e+05,42.289,41.364,292.93,0.0071431,3.5479e-11,2.7613e-11
0,1,0,24.183,7960.4,44.976,43.343,281.61,0.0051398,3.2146e-11,3.2786e-11
0,1,0,13.105,1.3717e+05,45.229,41.747,284.83,0.0050815,3.72e-11,3.5132e-11
0.034794,0.96521,0.66667,6.9883,2.0558e+06,39.78,41.94,297.38,0.013685,2.748e-11,3.756e-11
0.0025773,0.99742,0.33333,10.362,2.537e+05,44.674,42.159,285.11,0.0061732,2.8517e-11,2.4178e-11
0,1,0,20.743,84356,41.25,40.861,296.39,0.010014,2.8351e-11,3.3525e-11
0,1,0,15.261,1.5283e+05,42.133,42.599,289.99,0.0069608,3.2339e-11,2.91e-11
0,1,0,24.824,16218,43.258,41.613,289.83,0.0030176,3.5154e-11,2.839e-11
0,1,0,18.056,64625,42.32,43.919,286.48,0.0064603,2.9603e-11,2.5151e-11
0,1,0,19.421,39535,45.054,41.746,285.25,0.0066707,3.0266e-11,3.1478e-11
0,1,0,21.373,36676,42.707,42.181,289.57,0.0069808,2.7047e-11,2.6978e-11
0.07732,0.92268,0.66667,5.171,1.0166e+06,41.905,43.865,287.46,0.0069589,2.7076e-11,2.681e-11
0.003866,0.99613,0.33333,8.7125,8.5538e+05,42.376,41.156,292.75,0.0092498,3.4146e-11,3.2386e-11
0,1,0,24.022,18651,42.429,41.986,290.72,0.0063235,2.9662e-11,2.6139e-11
0.052835,0.94716,1,5.7263,1.0537e+06,42.621,42.442,289.11,0.0073842,3.4523e-11,3.5158e-11
0.014175,0.98582,0.66667,7.6058,1.1175e+06,40.98,42.252,293.44,0.0058488,3.6837e-11,2.7889e-11
0,1,0,23.252,11607,44.495,42.786,284.18,0.0059445,2.9757e-11,2.6289e-11
0.0025773,0.99742,0.66667,9.4177,1.6785e+05,45.682,43.718,279.18,0.0027549,3.5082e-11,2.9076e-11
0,1,0,20.683,29561,41.569,44.086,287.9,0.0084317,3.3968e-11,2.9205e-11
0,1,0,15.786,79554,46.013,40.633,285.91,0.0087436,3.0847e-11,3.0309e-11
0,1,0,17.271,1.5403e+05,42.229,42.469,290.47,0.0081616,3.2489e-11,2.3138e-11
0,1,0,23.467,17377,43.152,42.345,288.1,0.0078611,3.0439e-11,2.8107e-11
0,1,0,21.231,30827,43.983,42.291,286.56,0.0079188,3.2021e-11,3.0916e-11
0.018041,0.98196,0.66667,8.4502,7.6891e+05,41.476,42.938,290.66,0.0072123,3.3177e-11,3.3685e-11
0.027062,0.97294,0.66667,6.5034,8.8843e+05,40.242,44.987,289.01,0.0055127,2.7652e-11,3.1539e-11
0.025773,0.97423,0.66667,7.5673,4.7222e+05,45.582,41.136,285.49,0.0061595,3.3486e-11,2.9736e-11
0,1,0,12.138,3.384e+05,42.857,40.71,292.73,0.0052102,3.4125e-11,4.8806e-11
0,1,0,11.048,3.8772e+05,40.193,44.643,290.07,0.011038,3.2224e-11,3.2082e-11
0,1,0,15.814,2.6743e+05,40.194,41.644,297.12,0.009273,3.2122e-11,3.4431e-11
0.007732,0.99227,0.66667,8.3459,9.1212e+05,40.76,42.367,293.73,0.00622,3.1059e-11,3.1447e-11
0,1,0,13.344,1.8429e+05,43.897,42.61,285.88,0.0073415,3.2213e-11,2.5671e-11
0,1,0,18.921,32260,45.013,42.175,284.45,0.003057,3.8346e-11,3.3959e-11
0,1,0,19.276,66246,43.474,42.873,286.39,0.0039247,3.1207e-11,3.1045e-11
0,1,0,10.653,1.4181e+05,45.505,43.734,279.61,0.0042425,2.6243e-11,2.5791e-11
0,1,0,12.503,95944,45.253,43.542,280.46,0.0042807,2.8561e-11,2.8585e-11
0.054124,0.94588,0.66667,5.5077,2.5638e+06,41.024,42.119,293.89,0.0044878,3.1163e-11,2.5254e-11
0.051546,0.94845,0.66667,5.4416,8.7039e+05,43.059,43.335,285.94,0.0069229,3.355e-11,2.6227e-11
0.0025773,0.99742,0.66667,8.8521,2.7791e+05,44.993,43.104,282.11,0.0064876,2.8402e-11,2.9271e-11
0,1,0,18.408,82831,43.036,41.295,290.95,0.0087784,3.9972e-11,2.999e-11
0.034794,0.96521,0.66667,5.9714,1.1338e+06,41.098,44.087,289.14,0.0068403,4.0937e-11,2.2844e-11
0,1,0,19.895,61773,43.979,39.868,292.25,0.0092272,3.1019e-11,2.8586e-11
0.060567,0.93943,0.66667,5.7151,1.4539e+06,43.22,42.621,287.53,0.0073825,3.3466e-11,2.7464e-11
0,1,0,17.662,96482,42.019,42.382,290.67,0.0073693,3.7245e-11,3.2334e-11
0,1,0,13.939,1.7873e+05,43.77,41.658,288.48,0.0084208,3.411e-11,2.9093e-11
0.010309,0.98969,0.66667,8.3447,8.4529e+05,42.412,41.661,291.73,0.011295,2.8175e-11,3.2486e-11
0,1,0,14.958,3.1172e+05,42.279,40.252,295.53,0.01284,3.3488e-11,2.9182e-11
0.0090206,0.99098,0.66667,8.5036,7.0386e+05,41.871,43.393,288.83,0.0073663,3.3889e-11,2.6347e-11
0,1,0,22.202,30068,41.861,42.655,290.45,0.0074247,2.9877e-11,3.3044e-11
0,1,0,19.04,51789,44.48,41.538,287.2,0.010237,3.5643e-11,2.5938e-11
0.016753,0.98325,0.66667,6.9237,6.2553e+05,42.009,44.367,286,0.0045545,3.6137e-11,2.6444e-11
0,1,0,22.43,18247,42.422,44.453,285.02,0.0071031,3.1002e-11,2.8247e-11
0,1,0,24.863,8203.2,42.452,44.908,283.81,0.0056953,3.0692e-11,3.2359e-11
0,1,0,12.214,2.0548e+05,44.043,41.771,287.42,0.0071217,2.6797e-11,2.9983e-11
0.003866,0.99613,0.66667,9.1084,5.3467e+05,43.713,41.382,289.58,0.010404,3.4413e-11,3.3647e-11
0,1,0,23.451,23925,43.097,43.057,287,0.0084611,3.0951e-11,3.7859e-11
0,1,0,20.959,54804,42.021,41.604,292.73,0.0059082,3.2405e-11,2.4434e-11
0.010309,0.98969,0.66667,7.8027,8.0891e+05,40.309,43.803,291.51,0.0094345,3.4099e-11,2.8799e-11
0,1,0,15.605,1.1726e+05,42.582,42.889,288.18,0.0075535,3.0255e-11,2.9158e-11
0,1,0,13.003,2.3695e+05,40.809,44.286,289.25,0.0077068,3.2317e-11,3.1344e-11
0.027062,0.97294,0.66667,7.028,7.6868e+05,43.782,43.086,285.19,0.0063976,3.1697e-11,3.0787e-11
0,1,0,17.365,81517,43.955,41.011,289.37,0.0042146,3.3749e-11,2.5481e-11
0,1,0,17.625,45022,44.055,43.478,283.4,0.005102,3.2241e-11,3.1619e-11
0.032216,0.96778,0.66667,6.3822,8.7449e+05,44.143,41.269,288.46,0.0078256,3.1425e-11,2.3427e-11
0,1,0,24.476,34310,42.354,39.069,298.12,0.011232,3.0916e-11,2.4404e-11
0,1,0,19.721,1.2192e+05,40.99,39.97,299.13,0.013762,3.4461e-11,3.7933e-11
0,1,0,16.953,79380,42.395,43.493,287.14,0.0049866,3.0973e-11,3.2295e-11
0.070876,0.92912,1,5.3506,9.5455e+05,42.694,43.922,285.51,0.0062675,3.0286e-11,3.6157e-11
0,1,0,24.585,15822,43.647,42.606,286.58,0.0067099,3.6994e-11,2.9614e-11
0,1,0,10.614,7.9364e+05,41.26,40.564,296.94,0.0093962,3.6817e-11,2.8897e-11
0.06701,0.93299,0.66667,5.3383,1.4123e+06,44.949,40.499,288.69,0.0096754,3.5471e-11,4.3337e-11
0,1,0,23.763,37954,42.028,41.16,294.01,0.011393,3.7779e-11,3.2115e-11
0,1,0,18.12,1.156e+05,43.633,39.908,293.15,0.0063935,3.6868e-11,2.509e-11
0,1,0,23.422,11273,43.55,43.893,283.93,0.0066369,4.3417e-11,2.9526e-11
0,1,0,17.304,1.6857e+05,39.606,43.085,295.11,0.0058515,3.625e-11,3.0095e-11
0,1,0,17.921,77102,43.234,41.176,290.98,0.006865,3.3435e-11,3.7501e-11
0.0012887,0.99871,0.33333,12.362,1.7177e+05,43.537,43.469,284.82,0.002661,3.5284e-11,2.709e-11
0,1,0,11.664,5.7412e+05,39.932,42.807,294.88,0.0074088,3.2606e-11,3.3572e-11
0.023196,0.9768,0.66667,7.264,3.5337e+05,43.858,44.775,280.87,0.0035691,2.9622e-11,2.8737e-11
0,1,0,21.216,38813,43.367,41.247,290.24,0.0080162,3.8376e-11,2.9841e-11
0,1,0,14.588,1.0634e+05,43.268,44.154,283.7,0.0049672,3.363e-11,2.9761e-11
0,1,0,20.689,22321,43.627,43.278,284.77,0.0045024,2.8971e-11,3.0647e-11
0,1,0,11.645,2.9231e+05,43.896,40.913,290.27,0.0090026,3.1556e-11,2.6994e-11
0,1,0,22.538,29992,42.329,42.36,290.13,0.0078771,4.1073e-11,2.8658e-11
0,1,0,22.056,32941,42.431,41.882,290.83,0.006868,2.7897e-11,2.5464e-11
0,1,0,16.918,2.8728e+05,40.318,39.585,301.67,0.011209,3.7255e-11,3.6062e-11
0,1,0,20.665,67436,41.975,42.106,291.74,0.011699,3.5496e-11,2.8592e-11
0,1,0,11.384,3.9723e+05,42.709,43.471,286.86,0.0053146,3.506e-11,4.0873e-11
0,1,0,24.399,32027,41.734,39.861,297.65,0.012606,3.9241e-11,3.0456e-11
0.0012887,0.99871,0.33333,10.809,2.7816e+05,43.238,43.766,284.65,0.0065504,3.5232e-11,3.2861e-11
0,1,0,9.9526,6.2756e+05,45.112,39.519,290.84,0.0087766,3.7521e-11,2.6382e-11
0,1,0,21.981,29639,43.113,41.411,290.74,0.0091137,3.0378e-11,3.5515e-11
0.025773,0.97423,1,7.1006,1.381e+06,43.711,42.539,286.84,0.0062861,3.5567e-11,3.1714e-11
0,1,0,23.656,14683,44.725,41.122,287.57,0.0071958,3.2297e-11,3.4699e-11
0,1,0,12.972,2.6097e+05,40.541,43.67,291.26,0.0095086,3.2382e-11,2.7945e-11
0,1,0,18.131,1.2041e+05,41.777,41.123,294.27,0.0070393,2.8695e-11,2.8132e-11
0.0090206,0.99098,0.66667,8.4481,4.4739e+05,45.378,42.928,281.98,0.0049617,3.1028e-11,2.4687e-11
0,1,0,9.0636,5.8463e+05,42.862,43.207,287.1,0.0064082,3.5002e-11,2.7568e-11
0,1,0,19.699,64111,41.01,42.607,292.6,0.0047347,2.8453e-11,2.4839e-11
0,1,0,11.583,1.3817e+05,46.186,42.545,281.02,0.0042008,3.2799e-11,2.3801e-11
0,1,0,14.135,5.4307e+05,40.132,39.892,301.36,0.0086389,3.1745e-11,2.7914e-11
0,1,0,24.661,21980,42.114,41.651,292.61,0.0088702,3.5062e-11,3.4747e-11
0,1,0,15.073,95479,41.359,44.77,286.66,0.0049077,3.442e-11,4.3071e-11
0,1,0,21.243,34186,44.337,40.73,289.41,0.010659,3.6999e-11,2.9239e-11
0,1,0,16.523,51659,44.507,43.21,282.92,0.005425,2.7598e-11,2.7972e-11
0,1,0,24.797,11117,43.301,43.035,286.22,0.0077151,3.7877e-11,3.6824e-11
0.0025773,0.99742,0.33333,10.07,7.3895e+05,41.247,41.234,295.36,0.007821,3.1748e-11,2.4768e-11
0,1,0,11.988,1.6333e+05,43.704,43.184,285.06,0.0037696,3.2295e-11,2.4888e-11
0,1,0,20.673,78416,41.595,39.805,298.03,0.013235,3.5373e-11,3.544e-11
0,1,0,14.801,94495,45.483,41.033,285.88,0.0053607,3.2283e-11,3.1159e-11
0,1,0,16.716,1.6181e+05,42.245,40.63,294.92,0.01246,3.1674e-11,2.7082e-11
0,1,0,19.602,38023,43.126,43.262,285.97,0.0044654,2.8902e-11,2.9301e-11
0,1,0,13.47,4.4633e+05,41.08,39.986,298.68,0.0085965,4.1154e-11,3.17e-11
0,1,0,23.169,26178,41.891,42.638,290.52,0.0060181,4.0668e-11,3.1922e-11
0.061856,0.93814,0.66667,5.4054,1.3996e+06,42.975,42.6,287.98,0.0067978,3.8117e-11,2.7332e-11
0,1,0,21.034,22162,43.867,44.12,282.52,0.0034541,2.7705e-11,3.4127e-11
0,1,0,13.316,1.606e+05,43.273,42.529,287.28,0.0064558,3.4829e-11,3.5012e-11
0,1,0,15.111,1.4371e+05,41.957,43.77,287.72,0.0083181,4.802e-11,2.6242e-11
0,1,0,20.914,36484,43.991,41.46,288.52,0.0053228,3.3847e-11,3.2378e-11
0,1,0,18.8,53134,42.365,43.039,288.5,0.0069061,3.5984e-11,2.6056e-11
0,1,0,19.631,51771,41.496,43.033,290.32,0.0057464,3.2032e-11,3.462e-11
0,1,0,11.018,2.7888e+05,44.539,41.698,286.53,0.0051802,3.2418e-11,2.6762e-11
0,1,0,11.376,4.0683e+05,43.482,41.107,290.52,0.0051508,3.2307e-11,3.1823e-11
0,1,0,16.143,1.4066e+05,42.373,41.896,291.25,0.0073888,3.8949e-11,3.1272e-11
0,1,0,12.084,1.9735e+05,43.526,43.253,285.23,0.0050622,2.802e-11,2.5146e-11
0,1,0,20.732,78784,41.821,40.376,296.13,0.012899,3.7237e-11,2.8048e-11
0.036082,0.96392,0.66667,6.5937,7.8202e+05,44.091,42.12,286.48,0.0067583,3.1782e-11,3.3632e-11
0,1,0,16.009,74538,44.072,42.328,286.12,0.0038536,2.832e-11,2.8003e-11
0,1,0,18.246,73148,43.619,42.844,286.06,0.0053529,2.8331e-11,2.5382e-11
0,1,0,12.305,4.5219e+05,43.792,41.032,290.27,0.0087785,3.0343e-11,2.7809e-11
0.0051546,0.99485,0.66667,8.1445,8.7518e+05,42.577,41.223,292.13,0.010061,3.2158e-11,2.8173e-11
0.063144,0.93686,0.66667,5.6809,1.17e+06,43.279,42.201,288.35,0.0080942,2.891e-11,2.9332e-11
0.018041,0.98196,1,7.7741,5.5521e+05,44.126,42.631,285.18,0.0048401,2.8772e-11,2.8639e-11
0.011598,0.9884,0.66667,8.19,6.1473e+05,43.668,42.247,287.19,0.0055127,3.616e-11,3.0867e-11
0,1,0,19.49,63445,41.218,42.612,292.39,0.010389,3.6157e-11,3.4014e-11
0,1,0,14.394,2.4441e+05,40.805,42.83,292.68,0.008643,3.4988e-11,2.4911e-11
0.0012887,0.99871,0.33333,9.9642,3.0427e+05,44.075,42.835,284.8,0.0059981,3.6113e-11,2.4929e-11
0,1,0,14.291,1.5211e+05,43.465,41.879,288.51,0.0075017,2.6513e-11,2.7351e-11
0,1,0,19.47,55776,42.434,41.62,291.39,0.0035218,3.5883e-11,2.8479e-11
0,1,0,13.988,4.5394e+05,39.562,40.892,300.35,0.015962,3.7386e-11,2.5971e-11
0.032216,0.96778,0.66667,6.0337,1.815e+06,42.721,42.128,289.96,0.010143,3.421e-11,2.6138e-11
0.010309,0.98969,0.66667,8.1539,7.9875e+05,44.63,41.278,287.44,0.0045961,3.0027e-11,3.0753e-11
0,1,0,23.807,7854.8,44.698,43.701,281.54,0.0044125,2.9004e-11,2.8741e-11
0,1,0,23.642,23179,40.314,43.625,292.27,0.0077509,4.443e-11,3.436e-11
0.051546,0.94845,1,6.1087,2.0976e+06,41.054,41.901,294.27,0.0071301,3.3695e-11,3.0418e-11
0,1,0,24.513,13426,42.364,43.743,286.83,0.0075879,3.1654e-11,2.6549e-11
0,1,0,10.97,5.4694e+05,41.743,43.831,288.49,0.0038032,3.2848e-11,3.4776e-11
0,1,0,15.342,2.1796e+05,41.735,42.798,290.69,0.007133,3.4992e-11,2.846e-11
0,1,0,21.314,69598,41.403,41.554,294.28,0.010292,3.2966e-11,2.8175e-11
0,1,0,20.806,16493,44.599,43.771,281.76,0.0047112,3.8883e-11,3.3166e-11
0,1,0,15.927,1.0814e+05,42.769,43.39,286.77,0.0071065,3.5556e-11,2.9091e-11
0.033505,0.96649,0.66667,6.4043,1.0406e+06,43.483,43.191,285.62,0.0073145,4.0594e-11,2.8594e-11
0,1,0,17.561,1.2863e+05,41.954,40.392,295.71,0.012212,2.8391e-11,3.3705e-11
0,1,0,22.514,24542,44.969,39.886,289.95,0.0072015,3.256e-11,3.4037e-11
0,1,0,14.246,3.6878e+05,40.647,40.439,298.66,0.0080451,4.0337e-11,2.8306e-11
0.003866,0.99613,0.66667,9.7467,8.6588e+05,41.799,41.752,293.44,0.0093267,3.554e-11,2.2333e-11
0,1,0,23.766,28866,43.135,40.761,292.12,0.0094137,3.1696e-11,3.2852e-11
0.0012887,0.99871,0.33333,11.536,2.1868e+05,44.482,42.113,285.51,0.0052914,3.5915e-11,3.04e-11
0.0051546,0.99485,0.66667,8.6701,4.7715e+05,40.956,44.872,287.49,0.0039604,3.2235e-11,2.6017e-11
0.030928,0.96907,0.66667,7.0256,6.4056e+05,45.001,42.919,282.71,0.0043808,2.931e-11,2.8079e-11
0,1,0,13.947,97657,43.257,44.86,282.19,0.0063698,3.1652e-11,2.3774e-11
0,1,0,22.684,36351,44.051,41.926,287.42,0.0072931,3.0302e-11,2.5998e-11
0,1,0,21.95,30805,42.69,41.698,290.71,0.0090282,3.1708e-11,3.2156e-11
0.007732,0.99227,0.66667,8.7683,9.6529e+05,41.613,40.967,295.46,0.010092,3.1688e-11,2.7518e-11
0,1,0,15.725,1.3873e+05,41.923,42.507,290.66,0.0095873,3.9059e-11,3.211e-11
0.016753,0.98325,0.66667,6.8213,6.7985e+05,42.999,43.425,285.95,0.0053103,3.2719e-11,3.1726e-11
0,1,0,14.275,1.9139e+05,41.481,42.495,291.67,0.0099437,4.6411e-11,3.2675e-11
0,1,0,14.082,1.3714e+05,44.364,41.655,286.97,0.0059604,3.1153e-11,3.1163e-11
0,1,0,20.33,53522,42.448,41.111,292.72,0.0078121,3.5714e-11,2.3624e-11
0,1,0,23.566,34492,43.028,39.355,295.81,0.012557,3.1961e-11,3.0562e-11
0,1,0,22.939,21250,44.918,39.928,290,0.0095208,2.9686e-11,2.4703e-11
0,1,0,23.015,40585,42.318,40.775,293.92,0.0045927,2.9711e-11,2.7055e-11
0,1,0,18.658,43899,42.684,43.66,286.06,0.0068108,3.1338e-11,3.1746e-11
0,1,0,15.427,1.9565e+05,43.376,42.128,288.5,0.0091438,3.2954e-11,3.0921e-11
0,1,0,14.169,1.9322e+05,43.389,40.598,291.76,0.01154,3.7592e-11,2.6218e-11
0,1,0,22.439,14647,44.251,43.62,282.72,0.0054101,3.2478e-11,3.069e-11
0,1,0,24.043,40390,42.464,38.979,298.04,0.0074938,3.5313e-11,3.1132e-11
0.0051546,0.99485,0.66667,8.9357,1.3591e+06,41.493,39.521,298.89,0.0097862,3.4495e-11,2.5753e-11
0,1,0,20.893,25674,44.39,41.881,286.63,0.0090444,3.3983e-11,3.0832e-11
0,1,0,18.401,74204,43.424,41.389,289.91,0.0095877,4.1318e-11,2.8193e-11
0,1,0,19.82,49157,41.021,43.722,290.15,0.01,2.9611e-11,2.8341e-11
0,1,0,23.863,18830,41.793,44.466,286.8,0.0061839,3.5006e-11,2.7922e-11
0.0012887,0.99871,0.33333,9.8315,4.4696e+05,43.203,42.688,287.38,0.0016476,3.5858e-11,2.6787e-11
0,1,0,18.822,56855,43.449,42.632,287.21,0.0084045,3.3697e-11,3.3597e-11
0.0025773,0.99742,0.66667,11.143,4.0673e+05,41.898,42.449,290.78,0.0073064,3.3371e-11,2.7792e-11
0.0051546,0.99485,1,9.7885,2.313e+05,43.765,44.04,282.75,0.0047947,3.1981e-11,3.0313e-11
0,1,0,20.157,49271,41.671,42.701,290.97,0.0085252,3.6551e-11,2.8763e-11
0,1,0,10.207,3.6324e+05,42.629,42.584,288.59,0.0062066,2.6839e-11,3.1617e-11
0,1,0,20.173,22253,43.223,44.303,283.3,0.0056362,3.6622e-11,3.0138e-11
0,1,0,19.583,83076,41.185,42.669,292.22,0.0080493,3.1611e-11,3.094e-11
0,1,0,15.339,1.9519e+05,43.312,40.752,291.72,0.0074945,3.6016e-11,3.7601e-11
0,1,0,23.811,12789,44.853,42.507,283.96,0.0073782,3.3232e-11,3.6011e-11
0,1,0,22.936,19143,42.523,42.893,288.32,0.0036836,3.0239e-11,2.5867e-11
0.068299,0.9317,0.66667,5.1404,1.4417e+06,42.787,42.067,289.86,0.0054872,3.3964e-11,2.3803e-11
0,1,0,15.644,64135,42.917,44.543,283.48,0.0025284,2.8681e-11,2.3345e-11
0,1,0,15.577,1.6919e+05,42.594,41.06,292.57,0.0092492,3.3091e-11,2.3323e-11
0,1,0,11.802,1.2386e+05,44.537,44.097,280.79,0.0031467,3.0501e-11,2.5674e-11
0.014175,0.98582,0.66667,7.5484,8.1885e+05,40.5,43.868,290.85,0.0083068,3.3395e-11,3.3684e-11
0.003866,0.99613,0.33333,9.4813,4.0169e+05,42.558,44.784,284.1,0.0059804,3.209e-11,3.2422e-11
0,1,0,11.876,3.4951e+05,40.077,43.662,292.43,0.006622,3.1593e-11,2.8931e-11
0.065722,0.93428,0.66667,5.592,2.4371e+06,41.65,40.116,297.05,0.0041423,3.1719e-11,3.8465e-11
0,1,0,19.109,36659,42.747,43.61,285.96,0.0063319,3.7799e-11,2.9543e-11
0,1,0,16.104,2.337e+05,42.049,39.803,296.91,0.0098565,3.9196e-11,2.7872e-11
0,1,0,22.699,17215,44.264,41.882,286.7,0.0076522,3.3028e-11,2.7751e-11
0,1,0,15.084,3.8377e+05,41.21,39.436,299.91,0.011108,3.5645e-11,3.3617e-11
0,1,0,13.646,2.5212e+05,42.655,41.331,291.76,0.0095549,3.4555e-11,2.931e-11
0,1,0,19.425,88244,40.683,41.841,295.19,0.011784,2.855e-11,2.9266e-11
0,1,0,15.056,1.8073e+05,42.29,41.853,291.24,0.0050977,2.91e-11,3.484e-11
0.050258,0.94974,0.66667,5.6237,1.032e+06,42.769,42.608,288.2,0.0043346,3.0031e-11,2.7425e-11
0.029639,0.97036,0.66667,7.2092,2.1037e+06,41.539,40.791,296.08,0.0063958,2.7532e-11,2.7241e-11
0,1,0,20.888,20962,45.356,41.626,284.71,0.0052293,3.4615e-11,3.169e-11
0.016753,0.98325,0.66667,7.7234,1.3527e+06,41.39,40.945,295.82,0.015421,3.0267e-11,2.7296e-11
0,1,0,10.676,1.8241e+05,44.311,44.452,280.61,0.0040465,3.1264e-11,2.4211e-11
0.028351,0.97165,0.66667,6.4334,2.3195e+06,41.7,39.729,298.07,0.011178,3.3327e-11,3.3878e-11
0,1,0,24.853,30150,41.185,41.291,295.38,0.0082848,2.7229e-11,2.6579e-11
0.045103,0.9549,0.66667,6.2062,9.7518e+05,42.49,42.754,288.71,0.0074376,3.3633e-11,2.7113e-11
0,1,0,11.984,3.0998e+05,42.317,42.802,289.24,0.010094,3.5042e-11,3.3565e-11
0,1,0,20.678,41891,42.629,42.26,289.5,0.0040535,3.3953e-11,3.7724e-11
0.024485,0.97552,0.66667,6.8867,1.3542e+06,42.53,40.581,293.78,0.0062897,3.4003e-11,2.6088e-11
0.046392,0.95361,0.66667,5.573,1.8524e+06,41.292,41.585,294.64,0.0062342,3.1251e-11,2.632e-11
0,1,0,20.455,42251,44.964,40.429,288.81,0.0091834,3.324e-11,2.9619e-11
0.028351,0.97165,0.66667,6.887,1.122e+06,43.912,40.819,290.32,0.010931,3.1513e-11,2.8803e-11
0,1,0,15.659,2.1617e+05,40.969,41.555,295.28,0.012761,3.5773e-11,3.2126e-11
0,1,0,20.482,25676,44.411,42.245,285.72,0.0058497,3.0401e-11,3.0077e-11
0,1,0,19.91,35900,43.24,43.781,284.85,0.0051621,3.1432e-11,2.6259e-11
0,1,0,24.71,32948,43.224,40.814,292.21,0.0096602,3.4806e-11,3.6037e-11
0,1,0,16.958,92090,43.347,41.672,289.32,0.0082263,4.6956e-11,3.3928e-11
0,1,0,22.081,31538,43.343,40.796,291.58,0.0064302,3.0514e-11,2.9328e-11
0,1,0,18.248,58493,43.256,44.498,283.28,0.0067852,3.2454e-11,2.916e-11
0.028351,0.97165,1,7.5372,1.3868e+06,39.975,42.38,295.75,0.0083969,3.0355e-11,2.4748e-11
0,1,0,10.606,1.6904e+05,44.862,43.574,281.64,0.0047607,3.1217e-11,3.2916e-11
0,1,0,20.929,46198,42.549,42.519,289.22,0.0037752,3.1424e-11,2.9208e-11
0,1,0,21.217,50063,42.217,41.429,293.07,0.0114,3.4765e-11,3.1658e-11
0,1,0,21.908,60038,40.625,41.759,295.78,0.0098317,3.3018e-11,2.6094e-11
0,1,0,24.425,16953,44.077,41.348,288.38,0.0042475,3.3452e-11,2.4583e-11
0,1,0,22.301,29230,43.936,40.112,291.89,0.0070023,3.3804e-11,3.1409e-11
0.030928,0.96907,0.66667,6.9039,1.234e+06,42.29,43.361,288.01,0.0049869,3.5053e-11,2.9288e-11
0,1,0,11.036,4.9457e+05,42.945,42.059,289.6,0.01107,3.6868e-11,3.1613e-11
0,1,0,24.894,19580,43.614,42.6,286.79,0.0065273,3.7579e-11,2.683e-11
0,1,0,15.918,1.7582e+05,42.57,40.232,294.98,0.010343,3.8215e-11,3.2949e-11
0,1,0,20.072,59558,43.222,39.985,293.86,0.0078408,2.9504e-11,3.2221e-11
0,1,0,20.648,32044,44.175,43.308,283.69,0.0056935,3.1028e-11,3.0507e-11
0.023196,0.9768,0.66667,7.2256,9.027e+05,43.7,41.722,288.39,0.0059082,3.2885e-11,3.2583e-11
0,1,0,16.197,1.9531e+05,40.718,41.849,295.07,0.0082998,3.2929e-11,2.5169e-11
0,1,0,23.351,12948,43.072,43.47,285.83,0.0078177,3.5388e-11,2.8325e-11
0,1,0,21.146,16914,43.978,43.787,283.03,0.0056101,3.1027e-11,2.8949e-11
0,1,0,13.542,2.5418e+05,42.704,40.924,292.46,0.0080377,3.155e-11,3.6888e-11
0,1,0,13.683,1.7595e+05,42.529,42.746,289.04,0.0089626,3.5893e-11,3.3586e-11
0,1,0,13.543,2.8425e+05,41.826,42.1,292.04,0.0077277,3.1971e-11,2.8801e-11
0,1,0,17.053,52588,44.743,42.214,284.85,0.0040022,3.1121e-11,2.5757e-11
0,1,0,12.312,3.5145e+05,43.241,42.138,288.81,0.010793,2.578e-11,2.3071e-11
0,1,0,23.885,9297.4,42.711,45.018,283.09,0.0062809,3.1719e-11,2.7381e-11
0,1,0,20.855,26587,46.083,40.758,285.64,0.0042189,3.9472e-11,2.6119e-11
0,1,0,23.962,22339,41.016,42.529,292.87,0.0099364,3.8874e-11,3.0166e-11
0,1,0,13.706,2.2258e+05,44.691,40.203,290,0.011166,3.071e-11,2.5129e-11
0,1,0,11.401,2.993e+05,44.624,40.879,288.22,0.0051117,2.8233e-11,2.7224e-11
0,1,0,11.086,5.2979e+05,43.822,40.082,292.24,0.0086075,3.1397e-11,3.2127e-11
0.061856,0.93814,0.66667,5.6565,1.2358e+06,43.155,42.024,288.86,0.0083533,3.4829e-11,2.5884e-11
0.003866,0.99613,0.33333,9.157,8.201e+05,40.461,42.332,294.49,0.0077317,3.2232e-11,2.831e-11
0.030928,0.96907,0.66667,6.3442,1.0768e+06,43.21,41.786,289.44,0.0057401,2.7066e-11,3.5289e-11
0,1,0,14.735,1.1741e+05,43.49,44.04,283.61,0.0081741,2.8463e-11,3.0908e-11
0,1,0,11.491,3.7065e+05,44.162,40.787,289.74,0.007476,2.799e-11,2.7946e-11
0,1,0,23.968,14420,42.174,43.31,287.97,0.0062476,2.9325e-11,3.5641e-11
0.020619,0.97938,0.66667,7.0723,1.1919e+06,42.523,41.924,290.72,0.010434,3.1813e-11,2.8314e-11
0,1,0,23.185,36063,42.231,40.176,295.61,0.0074768,3.2728e-11,2.9887e-11
0,1,0,12.007,3.4221e+05,41.885,43.845,287.75,0.0041104,3.2019e-11,2.8896e-11
0,1,0,15.566,2.6698e+05,41.845,39.475,298.32,0.015395,2.6536e-11,2.3793e-11
0.003866,0.99613,0.66667,9.7094,2.4881e+05,45.333,43.088,281.56,0.0048465,2.9442e-11,2.4072e-11
0,1,0,16.413,1.5174e+05,42.116,40.941,294.33,0.010502,3.9695e-11,2.7114e-11
0,1,0,13.326,1.3633e+05,44.804,42.874,283.54,0.0027353,2.8978e-11,2.9499e-11
0,1,0,24.605,15649,42.987,41.975,289.55,0.0039594,3.1255e-11,2.7584e-11
0,1,0,24.604,10668,45.944,40.707,285.79,0.0045191,3.4606e-11,2.7615e-11
0,1,0,13.992,1.732e+05,42.895,42.113,289.53,0.0096438,3.0545e-11,2.9838e-11
0,1,0,20.352,30588,45.803,41.04,285.37,0.0073599,2.5915e-11,2.5159e-11
0,1,0,12.862,2.9023e+05,42.998,40.894,291.88,0.0060023,3.4283e-11,3.5923e-11
0.03866,0.96134,0.66667,6.2023,4.2539e+05,43.854,44.78,280.79,0.0044567,3.5271e-11,2.5846e-11
0.0051546,0.99485,0.66667,8.4312,1.3221e+06,40.299,41.992,295.92,0.0095773,2.9657e-11,2.6865e-11
0,1,0,21.699,26254,45.196,40.406,288.16,0.0082337,2.8297e-11,2.5725e-11
0,1,0,23.425,13016,43.393,43.414,285.13,0.0034624,3.2495e-11,3.1002e-11
0,1,0,24.567,21844,41.765,42.123,292.07,0.0058979,2.9548e-11,2.7814e-11
0,1,0,21.405,41509,43.397,41.158,290.41,0.0068473,3.4936e-11,2.7857e-11
0,1,0,19.552,58845,43.287,41.799,289.22,0.0079407,2.5015e-11,3.4841e-11
0,1,0,24.636,13013,42.24,44.013,286.44,0.0047028,3.7418e-11,3.219e-11
0,1,0,20.275,78703,40.589,41.195,296.86,0.0058177,3.1777e-11,3.3943e-11
0,1,0,17.652,53740,43.505,43.307,285.24,0.0071968,2.8539e-11,2.9265e-11
0.016753,0.98325,0.66667,7.1696,1.3397e+06,42.288,41.145,293.01,0.0060635,3.4355e-11,3.0501e-11
0,1,0,22.098,30128,43.201,41.164,291.05,0.0065026,2.7316e-11,2.7456e-11
0,1,0,21.809,29241,42.228,42.304,290.19,0.0076068,3.3056e-11,3.6027e-11
0.06701,0.93299,0.66667,5.3084,1.7044e+06,42.74,40.945,292.45,0.0079558,3.203e-11,3.1834e-11
0,1,0,18.24,1.3636e+05,40.883,40.773,297.18,0.0076145,2.8338e-11,3.3908e-11
0,1,0,21.923,27088,41.451,44.516,287.19,0.0030483,3.5097e-11,3.4962e-11
0,1,0,12.725,2.0914e+05,43.618,41.672,288.9,0.0064106,3.34e-11,2.4156e-11
0,1,0,14.146,3.8083e+05,40.984,41.685,295.13,0.0091783,3.8523e-11,2.8779e-11
0.0051546,0.99485,0.66667,8.8708,7.851e+05,41.94,41.798,292.46,0.010766,3.2549e-11,2.9587e-11
0,1,0,17.883,1.5721e+05,40.706,42.166,294.72,0.010528,3.4944e-11,2.8517e-11
0,1,0,11.469,4.2232e+05,42.209,42.686,289.93,0.0083861,2.8122e-11,3.1523e-11
0,1,0,20.145,39970,45.574,39.501,289.56,0.0054178,3.4491e-11,2.5235e-11
0,1,0,11.802,2.7509e+05,43.913,41.298,289.13,0.0090401,3.9399e-11,3.4544e-11
0,1,0,11.175,6.083e+05,40.775,41.463,295.95,0.0056134,3.7974e-11,3.1581e-11
0,1,0,17.609,1.5255e+05,40.644,41.902,295.32,0.012004,3.2577e-11,3.4069e-11
0,1,0,11.935,7.1513e+05,41.038,40.15,298.79,0.017323,2.7674e-11,2.718e-11
0,1,0,16.742,1.6084e+05,41.95,41.171,293.9,0.0093213,3.3105e-11,2.8126e-11
0,1,0,22.057,21289,43.049,42.6,287.86,0.0056541,3.9002e-11,3.1568e-11
0,1,0,9.6812,4.158e+05,42.921,43.168,286.67,0.0052179,2.7703e-11,2.562e-11
0,1,0,22.711,14715,41.915,45.335,284.23,0.0040008,3.6255e-11,2.8635e-11
0,1,0,20.175,30406,44.031,42.619,285.54,0.0054179,3.4433e-11,4.4305e-11
0,1,0,21.898,24813,43.125,43.1,286.78,0.0064929,3.5275e-11,3.1921e-11
0,1,0,24.034,25091,42.261,41.472,292.47,0.012099,2.9497e-11,2.615e-11
0,1,0,21.032,34483,43.8,40.98,289.78,0.0062076,3.2086e-11,2.4488e-11
0,1,0,23.086,20883,41.815,43.029,289.56,0.0052437,3.3133e-11,2.8327e-11
0.028351,0.97165,0.66667,6.8733,8.9569e+05,43.456,41.131,290.74,0.0071783,3.0555e-11,3.0173e-11
0.018041,0.98196,0.66667,6.6579,1.2489e+06,43.621,42.19,287.85,0.0098274,2.9173e-11,2.7324e-11
0,1,0,23.543,43574,40.565,41.132,297.22,0.0090639,2.8345e-11,2.814e-11
0,1,0,19.15,65085,41.138,44.111,288.87,0.00591,3.5583e-11,2.9506e-11
0,1,0,17.066,1.0221e+05,43.147,42.556,287.94,0.005718,3.4687e-11,3.4567e-11
0,1,0,18.954,22743,43.357,45.329,280.8,0.003037,3.316e-11,2.7214e-11
0,1,0,13.794,2.3864e+05,42.105,42.518,290.56,0.0126,2.7906e-11,2.9229e-11
0,1,0,12.206,2.6024e+05,42.395,43.194,288.05,0.0081035,2.8934e-11,4.1878e-11
0,1,0,14.219,2.5278e+05,41.406,42.096,292.94,0.012474,3.1736e-11,3.1384e-11
0.061856,0.93814,1,5.2819,1.5948e+06,41.749,42.144,292.08,0.010192,2.7019e-11,2.5576e-11
0,1,0,21.43,88707,40.17,40.059,300.86,0.01165,2.8748e-11,2.8935e-11
0,1,0,10.779,1.2854e+05,45.48,43.912,279.3,0.0048583,3.1534e-11,3.3429e-11
0,1,0,14.786,92236,43.379,43.722,284.37,0.003374,2.6645e-11,2.7889e-11
0.028351,0.97165,0.66667,7.1211,7.7629e+05,43.973,41.964,287.08,0.0057146,3.4124e-11,3.2361e-11
0,1,0,14.579,86035,44.073,44.945,280.26,0.0029862,3.1323e-11,2.9718e-11
0,1,0,17.956,74771,43.396,41.47,289.66,0.0078913,3.8126e-11,2.5888e-11
0,1,0,23.692,35203,40.819,41.097,296.69,0.013341,3.1637e-11,3.4339e-11
0,1,0,17.282,66676,41.575,44.398,287.23,0.0074643,2.8498e-11,2.5293e-11
0,1,0,13.907,2.342e+05,43.47,40.447,292.02,0.0079157,3.3108e-11,2.6611e-11
0.0025773,0.99742,0.33333,9.4243,9.1179e+05,40.85,42.347,293.8,0.0082011,3.0504e-11,2.6254e-11
0,1,0,24.536,17160,42.295,41.919,291.21,0.0075637,3.4728e-11,2.6679e-11
0,1,0,19.928,49051,43.717,40.759,290.74,0.0095456,3.9955e-11,3.2841e-11
0.050258,0.94974,1,5.9595,3.0281e+06,39.155,42.042,298.75,0.010494,3.3753e-11,2.4775e-11
0,1,0,22.835,31877,42.155,42.149,291.36,0.011229,3.2267e-11,3.4424e-11
0,1,0,12.795,4.4098e+05,41.02,41.102,296.51,0.013059,3.4351e-11,2.9472e-11
0,1,0,14.709,2.1763e+05,41.157,42.368,292.73,0.0090862,3.9784e-11,3.1035e-11
0,1,0,16.895,1.4995e+05,41.377,41.496,294.82,0.010624,4.1387e-11,3.0338e-11
0,1,0,18.441,99693,41.275,42.431,292.72,0.013113,3.211e-11,2.7578e-11
0,1,0,11.896,3.7679e+05,43.644,41.791,288.62,0.0086634,2.8972e-11,3.3601e-11
0,1,0,13.18,2.4008e+05,42.38,42.354,289.98,0.0067648,3.1892e-11,2.6204e-11
0,1,0,18.722,64994,45.004,40.134,289.36,0.0065352,3.1911e-11,2.9868e-11
0.07732,0.92268,1,5.2528,1.1958e+06,43.61,42.035,287.79,0.006607,3.4725e-11,3.1787e-11
0,1,0,24.961,11527,43.659,42.828,285.99,0.0075377,3.2421e-11,2.4979e-11
0,1,0,24.551,45271,41.355,39.777,299.03,0.01054,2.9069e-11,2.9008e-11
0,1,0,14.221,2.2255e+05,41.911,43.003,289.6,0.0041485,4.0566e-11,3.3074e-11
0.012887,0.98711,1,7.7029,1.8412e+06,40.752,40.578,298.15,0.0091034,2.9586e-11,2.9959e-11
0,1,0,15.109,79631,42.625,44.399,284.7,0.0056394,3.7543e-11,3.2841e-11
0,1,0,11.763,6.3915e+05,42.361,40.649,294.35,0.011671,3.2093e-11,2.7423e-11
0,1,0,24.081,18117,43.639,41.45,289.09,0.0069932,2.7477e-11,3.4693e-11
0,1,0,24.452,5779.2,43.88,45.54,279.35,0.0039184,3.4704e-11,2.6515e-11
0.0025773,0.99742,0.66667,9.286,3.4935e+05,42.928,43.871,285.07,0.004304,3.6033e-11,2.7735e-11
0,1,0,15.83,86310,45.832,40.369,286.86,0.0046245,2.857e-11,2.7238e-11
0,1,0,19.551,66535,41.572,42.161,292.19,0.0052397,3.0392e-11,4.3337e-11
0.003866,0.99613,0.66667,9.7413,6.8448e+05,41.768,42.824,290.7,0.012798,3.5523e-11,2.6867e-11
0.003866,0.99613,0.33333,8.5323,7.1109e+05,41.845,43.472,288.63,0.00712,2.9147e-11,2.1789e-11
0,1,0,18.806,35771,44.153,42.811,284.63,0.0044979,2.6527e-11,3.0353e-11
0,1,0,20.147,59697,42.245,42.921,289.24,0.0079314,3.2981e-11,4.0911e-11
0,1,0,11.895,1.3374e+05,45.607,42.358,282.48,0.0035152,3.6921e-11,3.4328e-11
0,1,0,18.698,79736,42.343,42.96,289.15,0.0092605,3.2636e-11,3.0374e-11
0,1,0,11.596,5.0707e+05,41.374,43.224,290.68,0.0094985,3.5431e-11,3.0695e-11
0.0051546,0.99485,0.33333,9.015,5.0523e+05,44.883,40.082,289.93,0.009564,3.6652e-11,3.3267e-11
0.069588,0.93041,0.66667,5.1784,8.4071e+05,44.098,44.085,281.92,0.0014118,2.9987e-11,3.7069e-11
0,1,0,12.474,4.5373e+05,41.624,41.471,294.17,0.0080433,2.7463e-11,2.8831e-11
0,1,0,24.549,21388,40.944,42.944,292.09,0.010137,2.8774e-11,3.3338e-11
0,1,0,20.026,40093,43.819,44.026,282.99,0.0066311,3.9056e-11,2.5536e-11
0,1,0,22.222,58899,41.301,39.897,298.56,0.0098267,3.6024e-11,3.5099e-11
0.055412,0.94459,0.66667,5.8597,7.5278e+05,43.266,43.845,284.81,0.0048249,3.7699e-11,2.7052e-11
0,1,0,13.059,5.9784e+05,40.991,40.438,298,0.0082757,3.2117e-11,2.9529e-11
0,1,0,21.762,59457,42.109,40.337,295.43,0.0076846,2.6209e-11,3.2198e-11
0.0012887,0.99871,0.33333,9.7808,7.5406e+05,43.654,39.964,292.97,0.0088717,3.1111e-11,2.8061e-11
0,1,0,12.563,1.6121e+05,43.899,42.604,286.01,0.0048275,2.6703e-11,2.4317e-11
0,1,0,16.03,1.0045e+05,42.451,44.739,284.6,0.0063665,3.3762e-11,3.0381e-11
0.041237,0.95876,0.66667,6.2936,1.7431e+06,43.351,39.144,295.58,0.011845,3.3234e-11,2.7323e-11
0,1,0,20.088,19651,44.172,43.994,281.86,0.004302,2.8157e-11,3.0243e-11
0,1,0,12.712,1.9178e+05,44.166,42.351,285.84,0.0032071,3.2155e-11,2.7642e-11
0,1,0,15.727,1.2918e+05,43.196,42.726,287.31,0.0048404,3.0649e-11,2.9017e-11
0.010309,0.98969,0.66667,8.3817,3.7517e+05,45.04,41.876,285.03,0.0044146,2.8197e-11,2.8693e-11
0,1,0,19.994,51840,41.201,43.246,290.83,0.0089757,2.9163e-11,3.1889e-11
0.027062,0.97294,1,7.0323,4.4307e+05,45.346,42.913,282.08,0.0029647,3.1339e-11,3.3422e-11
0.036082,0.96392,1,6.3354,4.5135e+05,45.218,43.322,281.13,0.0040878,3.9898e-11,2.6195e-11
0,1,0,24.889,47813,39.238,40.198,302.79,0.008936,4.1371e-11,3.2647e-11
0,1,0,11.456,2.7146e+05,44.827,40.484,288.77,0.010358,3.2552e-11,2.8681e-11
0,1,0,17.977,1.3161e+05,41.864,40.842,294.99,0.01153,2.8624e-11,3.2683e-11
0,1,0,17.871,22305,45.014,44.683,278.48,0.0045462,3.4625e-11,2.5698e-11
0,1,0,17.741,1.066e+05,41.069,41.985,294.34,0.010898,3.1218e-11,3.1756e-11
0.046392,0.95361,0.66667,6.1984,9.4755e+05,44.344,42.543,285.12,0.0039655,3.9186e-11,3.1083e-11
0.007732,0.99227,0.66667,8.8381,7.9177e+05,41.383,42.6,291.93,0.011308,3.2621e-11,2.6572e-11
0.068299,0.9317,0.66667,5.0179,1.0326e+06,43.23,43.808,284.59,0.0051908,2.8456e-11,2.889e-11
0,1,0,13.707,1.3031e+05,43.244,43.03,286.1,0.0047998,3.8393e-11,3.1368e-11
0,1,0,21.707,60153,42.23,40.196,295.72,0.011678,4.3912e-11,3.1001e-11
0.003866,0.99613,0.33333,10.414,3.2462e+05,42.172,44.01,286.63,0.0069981,2.9224e-11,2.4064e-11
0.014175,0.98582,0.66667,7.9151,7.9819e+05,43.047,41.068,291.36,0.0068161,3.6086e-11,2.8882e-11
0.0012887,0.99871,0.33333,10.939,6.7165e+05,42.009,40.462,295.47,0.01111,3.3282e-11,3.0035e-11
0.01933,0.98067,0.66667,7.3725,4.7554e+05,42.74,44.327,284.69,0.0077219,3.0391e-11,2.7322e-11
0.0025773,0.99742,0.33333,10.366,5.4427e+05,42.016,42.046,291.58,0.011324,3.5339e-11,3.2426e-11
0,1,0,24.711,14333,43.15,43.381,285.89,0.0065516,3.7241e-11,2.4576e-11
0,1,0,17.88,58158,43.404,42.497,287.11,0.0060202,3.0703e-11,3.6415e-11
0,1,0,16.072,1.7037e+05,42.591,40.638,293.64,0.007828,3.0009e-11,3.2665e-11
0,1,0,17.565,36342,43.12,44.891,282.26,0.0048914,3.75e-11,3.0343e-11
0,1,0,14.302,2.215e+05,42.284,41.035,293.2,0.0086773,3.5162e-11,2.8076e-11
0,1,0,11.765,3.2899e+05,43.262,41.128,290.7,0.0091796,4.4531e-11,2.7731e-11
0,1,0,9.8077,9.935e+05,41.125,40.842,296.64,0.012018,2.9596e-11,3.2286e-11
0,1,0,13.909,3.1479e+05,43.343,40.352,292.61,0.0072528,2.981e-11,2.8263e-11
0,1,0,22.706,39480,41.077,42.327,293.26,0.009579,3.6419e-11,2.9965e-11
0.010309,0.98969,0.66667,8.4667,6.9993e+05,45.099,39.555,290.66,0.011438,3.041e-11,2.8252e-11
0.028351,0.97165,1,7.2495,1.023e+06,42.354,41.514,292.25,0.007698,2.6298e-11,3.2804e-11
0.010309,0.98969,0.66667,8.4946,9.9896e+05,41.497,41.478,294.42,0.0089348,3.3462e-11,3.6027e-11
0,1,0,24.779,21683,42.514,40.718,293.78,0.011275,3.4801e-11,3.1937e-11
0.07732,0.92268,0.66667,5.1348,2.0525e+06,42.257,43.18,288.67,0.0085699,3.5482e-11,2.9327e-11
0,1,0,12.04,7.2112e+05,41.313,39.878,298.51,0.0072252,3.6253e-11,2.9244e-11
0,1,0,12.91,2.8063e+05,42.37,41.787,291.43,0.011707,3.0733e-11,2.4082e-11
0,1,0,13.659,1.2154e+05,42.346,44.546,284.99,0.0046541,3.447e-11,3.0826e-11
0.0064433,0.99356,0.66667,9.4449,5.9516e+05,42.966,41.295,291.07,0.0070485,3.1459e-11,3.3104e-11
0.003866,0.99613,0.33333,8.508,8.3468e+05,41.658,43.664,288.76,0.0084856,2.7725e-11,3.1117e-11
0,1,0,15.582,1.8744e+05,43.95,40.817,290.22,0.0086859,3.9975e-11,3.1441e-11
0.015464,0.98454,0.66667,8.2502,1.1798e+06,40.842,41.513,295.57,0.008445,2.8408e-11,3.1049e-11
0.0051546,0.99485,0.66667,8.2822,6.2873e+05,43.523,41.685,288.99,0.010351,3.4352e-11,3.0116e-11
0,1,0,21.868,49004,41.47,41.013,295.43,0.0085406,3.2361e-11,3.2148e-11
0,1,0,13.788,1.9102e+05,44.029,40.648,290.25,0.0086476,3.3076e-11,3.0277e-11
0,1,0,13.245,1.5387e+05,43.708,43.289,284.58,0.0044571,3.2402e-11,3.2234e-11
0,1,0,14.011,73998,45.247,43.106,281.42,0.0029665,4.1861e-11,3.4879e-11
0,1,0,16.518,1.4488e+05,42.837,41.124,291.83,0.0064535,2.8377e-11,3.1695e-11
0.0012887,0.99871,0.33333,11.096,6.8067e+05,42.246,40.946,293.86,0.004385,3.1067e-11,3.3507e-11
0.014175,0.98582,0.66667,8.1353,1.1407e+06,41.069,41.558,294.96,0.011866,3.2784e-11,2.6453e-11
0,1,0,22.593,27726,43.434,40.676,291.6,0.0053392,3.858e-11,3.6729e-11
0.05799,0.94201,1,5.0244,1.3213e+06,43.516,41.401,289.79,0.0097776,3.261e-11,2.7565e-11
0,1,0,13.345,2.9148e+05,42.441,41.913,290.84,0.0058142,3.6202e-11,3.4788e-11
0,1,0,24.991,13938,42.453,42.568,289.4,0.0092804,2.9851e-11,3.1403e-11
0.0012887,0.99871,0.33333,11.189,2.0365e+05,43.754,43.08,284.95,0.0058653,3.0154e-11,2.6857e-11
0,1,0,23.396,16166,43.165,43.133,286.52,0.006367,2.8528e-11,2.8742e-11
0,1,0,23.102,25221,43.344,42.154,288.28,0.0088324,3.3827e-11,3.0493e-11
