meanBER,meanTRHOUGHPUT,meanPER,SNRpercomm,meanAWGN_POWER,meanUP_LOSS,meanDOWN_LOSS,meanTEMPERATURE,meanWV_DENSITY,meanUP_THERMAL_POWER,meanDW_THERMAL_POWER
0,1,0,20.066,24773,44.061,42.985,284.62,0.0063706,3.0419e-11,3.8681e-11
0,1,0,14.895,1.4934e+05,44.373,40.69,289.31,0.0070958,3.1889e-11,2.9903e-11
0,1,0,23.446,58526,41.473,39.667,299.03,0.013688,3.2988e-11,2.6623e-11
0,1,0,19.124,58587,43.373,42.675,287.34,0.0065298,3.0652e-11,2.6732e-11
0.0012887,0.99871,0.33333,6.9594,1.2455e+06,41.373,42.459,292.17,0.0094628,3.6045e-11,2.95e-11
0,1,0,11.832,4.6624e+05,42.946,41.725,290.4,0.0075192,3.1806e-11,3.3649e-11
0,1,0,9.1671,1.1743e+06,42.241,39.559,297.38,0.0092997,2.8781e-11,2.9773e-11
0,1,0,23.791,28514,42.682,40.598,293.48,0.0077765,3.392e-11,2.8176e-11
0,1,0,14.179,3.1919e+05,40.62,41.699,295.65,0.009225,3.6887e-11,2.9512e-11
0,1,0,24.468,17849,42.989,41.454,290.86,0.0065387,3.4272e-11,2.998e-11
0,1,0,22.523,28246,44.753,39.424,291.75,0.010209,3.2211e-11,3.3361e-11
0,1,0,6.9322,9.3943e+05,41.76,42.669,290.58,0.004303,3.3388e-11,2.9333e-11
0,1,0,24.507,15607,43.261,41.686,289.76,0.0095959,3.2397e-11,3.2985e-11
0,1,0,6.4039,8.4545e+05,42.098,43.351,288.27,0.0040935,2.9408e-11,3.5875e-11
0,1,0,24.227,17908,41.626,43.381,289.46,0.0059459,3.6183e-11,2.7757e-11
0,1,0,22.027,35396,40.621,42.939,292.79,0.0062552,3.3043e-11,3.2191e-11
0,1,0,6.7377,4.5208e+05,43.393,45.072,281.33,0.0041072,3.1792e-11,3.1067e-11
0,1,0,16.894,36526,44.28,44.823,279.81,0.0020222,3.3128e-11,2.9399e-11
0,1,0,6.7482,5.8023e+05,44.393,42.698,284.37,0.0041117,3.0947e-11,2.9642e-11
0,1,0,9.1295,4.4988e+05,44.626,41.048,287.81,0.0068145,2.5968e-11,2.9636e-11
0,1,0,22.068,33362,40.469,43.75,291.24,0.0070874,3.0471e-11,3.1853e-11
0,1,0,22.571,22058,44.271,41.46,287.73,0.0073421,3.1662e-11,2.8486e-11
0,1,0,10.731,1.5811e+05,43.862,44.476,281.59,0.0056244,3.2315e-11,3.2943e-11
0,1,0,16.622,47675,43.778,44.595,281.51,0.0037141,3.0533e-11,2.6614e-11
0,1,0,23.779,33730,41.427,41.182,295.18,0.010484,3.1325e-11,3.3207e-11
0,1,0,10.392,5.1448e+05,42.455,42.156,290.22,0.0039362,3.5122e-11,2.8741e-11
0,1,0,11.825,5.4162e+05,42.668,39.361,296.42,0.0045253,3.1958e-11,2.7208e-11
0,1,0,9.9074,9.6261e+05,42.355,40.656,294.24,0.0076106,3.4378e-11,3.473e-11
0,1,0,18.191,81259,41.518,43.094,290.34,0.0084677,3.1179e-11,2.897e-11
0,1,0,16.322,1.6708e+05,41.784,41.106,294.43,0.011163,3.062e-11,3.0086e-11
0,1,0,16.686,40205,44.4,44.705,279.89,0.0047241,3.3056e-11,2.8285e-11
0,1,0,15.794,1.2417e+05,43.242,42.882,286.87,0.0060669,3.9053e-11,3.4825e-11
0,1,0,6.9872,1.9924e+06,40.585,42.031,295.19,0.0092495,3.1602e-11,2.8996e-11
0,1,0,7.6529,1.3903e+06,42.746,40.021,294.73,0.0095794,3.1869e-11,3.3858e-11
0,1,0,22.547,15620,44.93,42.039,284.74,0.00571,2.6936e-11,3.6541e-11
0.007732,0.99227,0.66667,5.0753,9.7792e+05,43.556,43.055,285.53,0.0079295,3.6217e-11,3.1386e-11
0,1,0,6.2498,5.4867e+05,43.202,45.189,281.58,0.0042893,2.9176e-11,2.7337e-11
0,1,0,17.713,41276,44.98,42.326,283.88,0.0063017,3.0476e-11,3.0021e-11
0,1,0,18.199,1.9054e+05,40.535,40.315,299.42,0.01001,3.2184e-11,2.8771e-11
0,1,0,18.643,58107,44.246,40.68,289.66,0.0083516,3.2748e-11,3.0805e-11
0,1,0,7.1938,8.3795e+05,45.244,39.849,289.49,0.0089268,3.0954e-11,2.8012e-11
0,1,0,13.284,55837,45.695,44.67,277.01,0.0037194,3.5885e-11,2.6256e-11
0,1,0,15.998,1.782e+05,44.122,38.776,294.91,0.013938,3.3438e-11,2.8282e-11
0,1,0,23.144,10990,44.513,43.075,283.22,0.0037892,3.3026e-11,3.4546e-11
0.010309,0.98969,0.66667,5.4337,7.8896e+05,44.203,43.559,283.27,0.0066445,3.2395e-11,2.9898e-11
0,1,0,19.287,34066,43.908,43.08,284.69,0.0028577,3.5285e-11,3.1551e-11
0,1,0,11.042,2.5405e+05,45.078,42.685,283.08,0.0039018,2.9295e-11,2.6587e-11
0,1,0,17.486,80883,40.084,44.438,290.67,0.010539,3.6844e-11,2.9144e-11
0,1,0,22.67,24362,42.019,43.017,289.28,0.0089002,3.2652e-11,2.9443e-11
0,1,0,23.863,18156,44.993,41.666,285.99,0.0028307,3.3184e-11,3.1101e-11
0,1,0,9.3462,5.0801e+05,42.29,43.27,288.01,0.0084274,2.9427e-11,2.9994e-11
0,1,0,6.72,9.9978e+05,43.697,42.302,287.29,0.0052912,4.0062e-11,2.9237e-11
0.0025773,0.99742,0.33333,6.2205,4.6134e+05,44.402,44.767,279.79,0.0050226,3.0432e-11,2.97e-11
0,1,0,13.072,4.5817e+05,41.82,40.744,295.25,0.006482,3.1413e-11,2.9935e-11
0,1,0,16.666,1.1083e+05,44.978,43.48,281.94,0.0074325,2.9363e-11,2.6026e-11
0,1,0,15.831,89838,42.192,44.709,285.14,0.0038649,2.902e-11,2.8879e-11
0,1,0,21.079,49063,44.391,39.11,293.54,0.011569,3.4194e-11,3.3462e-11
0,1,0,14.395,2.5583e+05,40.364,42.322,294.88,0.0041915,3.024e-11,2.9759e-11
0,1,0,16.338,1.0167e+05,43.716,40.873,290.32,0.003593,3.3133e-11,2.7904e-11
0,1,0,18.784,22844,43.602,45.848,279.39,0.0053936,2.658e-11,3.128e-11
0,1,0,23.918,28758,42.441,40.985,293.1,0.0078256,3.1775e-11,3.4338e-11
0,1,0,24.077,51332,39.833,39.973,301.75,0.0047093,3.1813e-11,2.8962e-11
0,1,0,8.1971,4.1328e+05,43.389,43.288,285.56,0.008675,3.8297e-11,3.0931e-11
0,1,0,18.579,54872,42.107,42.965,289.44,0.0053328,3.1749e-11,2.7364e-11
0,1,0,13.99,3.2842e+05,43.092,39.984,294.09,0.0077402,3.437e-11,2.9568e-11
0,1,0,8.5154,5.4975e+05,41.5,43.727,289.36,0.0076185,3.2292e-11,2.9403e-11
0,1,0,15.027,1.0375e+05,41.936,44.052,287.01,0.004573,3.796e-11,2.8858e-11
0,1,0,16.826,1.8524e+05,41.953,39.86,297.1,0.010071,3.2334e-11,2.9044e-11
0,1,0,6.2663,1.8476e+06,41.123,41.321,295.49,0.011302,3.6409e-11,3.0082e-11
0,1,0,8.2614,7.5557e+05,41.966,42.4,291.03,0.010978,2.8373e-11,2.8779e-11
0.015464,0.98454,0.66667,5.6689,1.6072e+06,41.491,41.791,293.32,0.0069982,3.2631e-11,3.101e-11
0,1,0,18.412,95011,43.709,39.549,293.68,0.0077078,3.1473e-11,3.283e-11
0,1,0,14.018,83660,46.025,42.286,282.01,0.0063053,3.2356e-11,2.6405e-11
0,1,0,22.462,15189,45.635,41.954,283.65,0.0054263,3.1688e-11,2.8261e-11
0,1,0,6.5164,2.2991e+06,40.564,42.076,295.11,0.0082845,3.5337e-11,3.0351e-11
0,1,0,10.557,5.8153e+05,43.347,40.29,292.95,0.012237,3.3891e-11,3.0103e-11
0,1,0,12.707,1.8631e+05,43.176,42.772,287.08,0.0059316,3.2698e-11,2.7103e-11
0,1,0,15.11,86838,43.384,44.227,283.25,0.0039548,3.6697e-11,2.891e-11
0,1,0,21.924,24981,41.403,43.694,289.09,0.0053405,3.0055e-11,2.9609e-11
0,1,0,23.649,11755,43.644,43.171,285.51,0.010063,3.3722e-11,3.0015e-11
0.0025773,0.99742,0.33333,5.4584,1.6016e+06,43.075,40.619,292.38,0.0065635,3.1218e-11,3.5974e-11
0,1,0,19.892,34735,42.252,43.47,287.53,0.0048105,2.9999e-11,3.5984e-11
0,1,0,16.124,1.5654e+05,40.631,42.615,293.6,0.01274,3.2043e-11,3.1931e-11
0,1,0,19.348,37271,44.377,41.838,286.5,0.0089207,3.2268e-11,3.2277e-11
0,1,0,10.991,5.435e+05,42.823,41.564,291.01,0.011008,3.073e-11,3.034e-11
0,1,0,12.502,79032,44.981,45.253,277.34,0.0040726,3.0886e-11,2.7045e-11
0,1,0,20.758,34187,45.465,40.138,288.32,0.0073254,3.2391e-11,2.9608e-11
0.003866,0.99613,0.33333,5.6877,1.751e+06,42.12,42.705,289.92,0.009309,3.6379e-11,3.0817e-11
0,1,0,18.714,47576,44.061,41.446,288.2,0.0086314,3.0667e-11,2.8103e-11
0,1,0,17.283,1.3682e+05,43.357,42.048,288.84,0.0093205,3.3539e-11,3.2442e-11
0,1,0,23.764,27988,42.201,42.525,290.17,0.0078575,3.0509e-11,3.1033e-11
0,1,0,23.033,25586,42.467,42.899,288.47,0.0061413,3.2783e-11,3.4381e-11
0,1,0,22.634,22818,43.509,41.916,288.57,0.0042916,3.0591e-11,3.1015e-11
0,1,0,20.222,74431,41.376,41.723,294.03,0.0098675,2.8373e-11,3.0826e-11
0,1,0,18.005,1.8044e+05,41.697,39.991,297.45,0.013555,3.1463e-11,3.0776e-11
0,1,0,19.227,61543,41.123,42.766,291.72,0.0050796,3.165e-11,3.2191e-11
0,1,0,14.087,1.9191e+05,41.707,42.515,291.22,0.0052829,3.3175e-11,2.9578e-11
0,1,0,18.853,35843,46.527,40.969,284.17,0.005141,3.088e-11,3.0161e-11
0,1,0,7.7047,8.2767e+05,43.292,41.421,290.27,0.0086084,2.9639e-11,2.8173e-11
0,1,0,14.324,2.0996e+05,41.542,42.154,292.53,0.0085956,3.3098e-11,2.9746e-11
0,1,0,16.61,1.2888e+05,43.542,41.874,288.69,0.0092665,3.1306e-11,3.1073e-11
0,1,0,15.921,1.4404e+05,42.154,42.045,291.28,0.0065333,3.0154e-11,2.8928e-11
0,1,0,7.5354,2.0218e+06,40.803,39.658,300.22,0.0069262,3.4658e-11,3.3675e-11
0,1,0,8.8993,7.3122e+05,43.477,40.859,290.88,0.0054892,3.3237e-11,3.4068e-11
0,1,0,21.631,21358,41.008,45.239,286.6,0.0062319,3.3141e-11,3.048e-11
0,1,0,17.891,1.0165e+05,41.288,43.802,289.39,0.010453,3.1326e-11,2.6276e-11
0,1,0,20.13,69953,42.127,43.058,289.15,0.005595,2.9055e-11,2.8894e-11
0,1,0,6.3972,1.4874e+06,40.461,42.468,294.18,0.0066258,3.2203e-11,3.501e-11
0,1,0,13.651,1.2231e+05,43.827,42.713,285.64,0.0048011,3.1931e-11,2.9244e-11
0,1,0,20.819,1.0263e+05,40.241,40.021,300.86,0.014593,3.0536e-11,2.8334e-11
0,1,0,5.5797,1.7932e+06,41.822,42.3,291.64,0.0084995,3.0203e-11,3.0273e-11
0,1,0,10.176,3.5295e+05,43.436,43.073,285.88,0.0083001,3.3862e-11,2.8172e-11
0,1,0,17.518,1.2566e+05,41.912,40.997,294.8,0.010434,3.5094e-11,2.7511e-11
0,1,0,9.5683,7.3725e+05,41.769,43.095,289.81,0.0057187,3.4193e-11,3.332e-11
0,1,0,19.298,85165,42.258,41.448,292.41,0.0078581,3.364e-11,3.2498e-11
0,1,0,24.341,13337,43.867,41.532,288.42,0.0063252,3.2515e-11,2.6464e-11
0,1,0,7.2641,3.218e+05,45.043,43.919,280.27,0.0046809,2.9847e-11,2.586e-11
0,1,0,20.704,53221,43.655,40.178,292.24,0.0074297,3.76e-11,2.9014e-11
0,1,0,24.195,8409.1,44.127,44.367,281.31,0.00572,3.1184e-11,3.3501e-11
0,1,0,18.399,1.8214e+05,40.436,40.814,298.94,0.015871,3.9428e-11,3.1875e-11
0,1,0,24.206,30435,43.367,40.411,292.56,0.008913,4.1524e-11,2.7664e-11
0,1,0,7.2795,1.7766e+06,42.698,38.647,298.31,0.011441,3.6789e-11,2.6719e-11
0,1,0,15.287,1.8886e+05,40.353,43.572,292.06,0.0094623,3.5838e-11,2.5664e-11
0,1,0,20.898,53173,42.797,40.251,293.94,0.010226,3.0525e-11,3.0405e-11
0,1,0,22.694,33680,41.773,42.031,292.29,0.0081005,3.4028e-11,3.1919e-11
0,1,0,7.7452,5.6878e+05,43.432,43.705,284.45,0.006525,3.2012e-11,2.9387e-11
0,1,0,16.362,67528,44.974,41.885,285.02,0.0074543,3.0727e-11,2.7537e-11
0,1,0,19.145,97600,39.87,42.821,294.96,0.0082102,3.3206e-11,2.665e-11
0,1,0,24.41,8847.8,42.993,44.412,283.59,0.004316,2.9782e-11,2.8071e-11
0,1,0,7.3431,9.5767e+05,43.928,40.903,289.84,0.0082835,3.4983e-11,3.1102e-11
0,1,0,9.2004,6.1972e+05,42.062,42.331,290.65,0.006127,2.9798e-11,2.8215e-11
0,1,0,24.33,8848.2,45.286,43.356,281.27,0.0036559,2.962e-11,3.3907e-11
0,1,0,16.867,1.1951e+05,42.754,41.267,291.73,0.01002,3.2018e-11,3.3064e-11
0,1,0,9.5165,4.3605e+05,43.468,42.324,287.62,0.0065927,3.5074e-11,2.9697e-11
0,1,0,13.202,1.7202e+05,43.39,42.969,286.11,0.0076559,2.6173e-11,2.9869e-11
0,1,0,7.4733,1.4189e+06,41.641,42.668,291.11,0.0069002,3.4452e-11,3.3003e-11
0,1,0,20.419,46008,42.261,42.799,289.15,0.0041233,2.8373e-11,2.9289e-11
0,1,0,11.043,2.4924e+05,44.563,42.918,283.71,0.005972,3.4457e-11,2.8984e-11
0,1,0,13.22,1.2248e+05,43.556,44.557,282.16,0.0055517,3.0864e-11,3.4103e-11
0,1,0,15.368,3.9349e+05,39.635,40.024,302.42,0.020597,3.4187e-11,2.9683e-11
0,1,0,13.96,2.2919e+05,43.854,41.957,287.88,0.005941,3.4444e-11,2.8895e-11
0,1,0,23.749,24772,43.086,41.119,291.5,0.0082661,3.1398e-11,2.8857e-11
0,1,0,9.6312,1.9046e+05,45.335,43.688,280.04,0.0046568,3.0903e-11,2.8053e-11
0,1,0,19.822,61027,42.343,42.668,289.37,0.0094953,3.4544e-11,2.7631e-11
0,1,0,13.486,2.9237e+05,42.997,41.049,291.78,0.0071772,3.4354e-11,3.0009e-11
0,1,0,18.701,44398,43.968,42.145,286.77,0.0034098,3.7114e-11,3.0174e-11
0,1,0,13.745,2.5963e+05,41.086,42.072,293.61,0.0078352,2.9932e-11,2.8786e-11
0,1,0,21.467,47348,44.067,39.702,292.71,0.011798,2.9725e-11,2.4514e-11
0,1,0,16.168,49998,43.869,44.54,281.39,0.0046751,3.2814e-11,3.0881e-11
0,1,0,21.373,52389,42.812,40.198,294.44,0.0095159,3.2399e-11,2.6443e-11
0,1,0,21.173,69960,41.276,42.367,292.78,0.0076016,3.2219e-11,2.817e-11
0,1,0,14.498,1.4031e+05,42.277,43.063,288.7,0.0088121,3.194e-11,3.1463e-11
0.0012887,0.99871,0.33333,6.8513,1.1737e+06,41.55,42.756,291.06,0.0099704,3.2798e-11,2.9998e-11
0,1,0,15.809,2.1318e+05,39.324,43.183,295.66,0.014704,3.0723e-11,2.6919e-11
0,1,0,8.3749,1.4101e+06,41.646,40.553,296.5,0.01213,3.082e-11,2.81e-11
0,1,0,21.98,15856,43.857,43.433,284.08,0.0071015,3.0441e-11,2.8207e-11
0.014175,0.98582,0.66667,5.4948,1.3414e+06,43.845,42.934,285.52,0.0078333,2.7787e-11,3.6653e-11
0,1,0,24.196,11818,42.503,43.981,285.85,0.0056537,3.792e-11,2.9333e-11
0,1,0,15.238,1.2783e+05,41.413,43.822,288.87,0.0084356,3.7332e-11,2.6674e-11
0,1,0,16.804,1.6012e+05,42.469,41.17,292.78,0.0086365,3.0131e-11,3.0699e-11
0,1,0,9.4348,1.1231e+06,40.546,40.577,298.57,0.0082682,3.2673e-11,2.735e-11
0,1,0,19.677,64290,42.704,41.188,291.87,0.0081974,3.53e-11,2.9383e-11
0,1,0,6.9907,5.1955e+05,44.204,43.671,282.74,0.0050352,3.3799e-11,2.9814e-11
0,1,0,12.741,2.561e+05,43.02,42.057,289.11,0.0072157,3.1291e-11,3.2226e-11
0,1,0,17.4,1.3255e+05,42.214,40.908,293.95,0.0094406,3.6747e-11,3.3985e-11
0,1,0,8.8613,1.2173e+06,41.836,41.267,294.08,0.0094984,3.2514e-11,3.0687e-11
0,1,0,23.23,37607,39.753,42.305,296.35,0.0075448,2.9358e-11,2.8297e-11
0,1,0,13.61,2.8519e+05,41.91,41.105,294.19,0.0065828,3.4435e-11,2.9226e-11
0,1,0,7.7892,6.684e+05,44.47,42.653,284.57,0.0058872,3.2566e-11,3.2044e-11
0,1,0,24.615,43814,40.767,39.631,300.59,0.015324,3.4265e-11,2.7443e-11
0,1,0,9.1632,5.8797e+05,41.504,42.69,291.14,0.0089276,3.3062e-11,2.7499e-11
0,1,0,13.017,2.7527e+05,42.294,42.977,288.71,0.0067694,3.1682e-11,3.0402e-11
0,1,0,16.351,2.8124e+05,40.755,39.987,299.51,0.007761,3.0428e-11,2.8802e-11
0,1,0,8.9844,7.2319e+05,39.447,44.396,292.36,0.0064683,3.7244e-11,3.1509e-11
0.0012887,0.99871,0.33333,6.1949,5.0524e+05,46.345,41.856,282.28,0.0030582,3.9212e-11,3.2456e-11
0,1,0,12.837,2.2212e+05,42.026,43.837,287.36,0.0062221,3.1038e-11,3.0389e-11
0,1,0,23.985,23836,41.263,42.188,292.97,0.0077024,3.8237e-11,2.7738e-11
0,1,0,23.739,28255,42.167,42.011,291.38,0.0096507,3.0635e-11,2.9993e-11
0,1,0,21.982,31032,42.745,42.237,289.34,0.0072751,3.5221e-11,2.8985e-11
0,1,0,23.28,43525,40.529,40.978,297.59,0.0090381,3.2456e-11,2.6273e-11
0,1,0,14.259,1.8756e+05,42.304,42.498,289.83,0.0084411,3.2079e-11,2.8872e-11
0,1,0,20.754,74146,39.818,41.887,297.24,0.0086523,3.1571e-11,3.7948e-11
0,1,0,19.756,91120,42.2,40.767,294.35,0.012127,3.5417e-11,3.1779e-11
0,1,0,21.788,74807,42.425,40.799,294.05,0.010373,3.5357e-11,3.0861e-11
0,1,0,24.165,28167,41.308,41.923,293.68,0.010622,3.5148e-11,3.5587e-11
0.0064433,0.99356,0.33333,5.2557,8.1786e+05,43.257,44.945,282.03,0.0034891,3.1542e-11,2.987e-11
0,1,0,6.0584,1.5371e+06,41.667,41.77,293.47,0.009275,3.1724e-11,2.7636e-11
0,1,0,17.178,1.5986e+05,40.216,42.565,294.8,0.0088425,2.8836e-11,2.6531e-11
0,1,0,14.29,3.6838e+05,41.691,39.37,298.82,0.0086661,2.7979e-11,2.7972e-11
0,1,0,21.459,33967,43.16,42.954,286.79,0.0058384,2.7483e-11,2.6793e-11
0,1,0,21.652,54260,41.665,40.809,295.36,0.010446,3.6332e-11,2.8279e-11
0,1,0,13.944,89433,45.025,42.494,283.41,0.0034537,3.0104e-11,2.8604e-11
0,1,0,14.448,3.3301e+05,41.213,40.443,297.26,0.006904,3.5797e-11,3.0606e-11
0,1,0,8.3868,7.4928e+05,42.479,42.197,290.03,0.0072055,3.0918e-11,2.9019e-11
0,1,0,17.758,85506,43.15,41.575,290.25,0.007421,3.079e-11,3.1144e-11
0.0012887,0.99871,0.33333,5.9236,9.6938e+05,41.932,43.329,288.76,0.007283,3.6356e-11,3.1393e-11
0,1,0,14.542,4.3974e+05,41.095,39.511,300.12,0.015388,2.7021e-11,3.546e-11
0,1,0,7.8655,1.0703e+06,43.644,39.439,294,0.0071978,3.3835e-11,3.6344e-11
0.0090206,0.99098,0.66667,5.237,2.8184e+06,41.226,41.412,295.16,0.0095653,3.3498e-11,2.8005e-11
0,1,0,12.457,4.6944e+05,41.664,40.538,296.05,0.010207,3.0585e-11,2.9801e-11
0,1,0,24.971,8553.1,44.905,42.614,283.49,0.0044175,3.0561e-11,3.0237e-11
0,1,0,20.576,11813,45.415,44.485,278.02,0.0032698,3.4914e-11,3.0617e-11
0,1,0,5.1116,1.4994e+06,42.479,41.969,290.52,0.0066785,3.6038e-11,3.0342e-11
0,1,0,22.829,23870,42.077,42.961,289.26,0.003334,3.3371e-11,2.8562e-11
0,1,0,7.0374,6.9267e+05,44.182,41.989,286.63,0.0064944,3.0641e-11,2.6586e-11
0,1,0,14.258,2.3494e+05,43.326,40.469,292.3,0.0087402,4.031e-11,2.6796e-11
0,1,0,9.7075,2.866e+05,43.385,43.371,285.5,0.0060916,3.2794e-11,3.3234e-11
0.0012887,0.99871,0.33333,5.6095,2.5894e+06,40.646,41.028,297.16,0.0080317,3.5228e-11,3.113e-11
0,1,0,16.945,61718,41.933,44.587,285.96,0.0076075,2.7778e-11,3.0492e-11
0,1,0,19.164,75986,41.865,42.746,290.39,0.0063017,2.9196e-11,2.8746e-11
0,1,0,19.006,81548,41.572,42.263,292.32,0.0089807,3.2439e-11,3.1676e-11
0,1,0,21.116,12453,45.43,43.54,280.15,0.0042291,2.8754e-11,2.6333e-11
0,1,0,20.657,68553,39.708,42.806,295.37,0.0087381,3.5778e-11,3.3253e-11
0,1,0,9.7706,7.2578e+05,42.07,41.766,292.4,0.0078238,3.0567e-11,2.73e-11
0,1,0,19.389,84060,41.306,41.343,294.94,0.013623,3.3461e-11,2.4316e-11
0,1,0,9.0398,7.2833e+05,42.864,41.08,292.12,0.0080422,3.1885e-11,3.8869e-11
0,1,0,10.433,6.3258e+05,42.983,42.074,289.38,0.0083971,2.8662e-11,3.4903e-11
0,1,0,18.383,95720,40.305,42.682,294.31,0.010877,3.7695e-11,3.2522e-11
0,1,0,16.957,60696,43.977,43.733,283.1,0.0056957,3.0809e-11,2.7823e-11
0,1,0,5.6078,1.03e+06,43.671,42.183,287.16,0.0042666,3.6085e-11,3.0082e-11
0,1,0,7.7407,4.0641e+05,43.851,43.88,283.17,0.0040598,3.9068e-11,2.9525e-11
0,1,0,23.106,31318,43.934,39.22,294.09,0.0091319,3.0238e-11,2.8897e-11
0,1,0,19.497,48597,43.181,42.114,288.6,0.0090538,3.5938e-11,3.4391e-11
0,1,0,18.861,87450,42.657,41.743,290.97,0.010852,3.1749e-11,2.5387e-11
0,1,0,13.335,1.3322e+05,44.208,42.725,284.69,0.0051513,3.3498e-11,3.0374e-11
0,1,0,17.01,49848,43.108,44.53,283.31,0.0063369,3.6029e-11,2.9332e-11
0,1,0,11.986,4.616e+05,41.144,41.432,295.1,0.011524,2.7661e-11,3.113e-11
0,1,0,24.062,43906,40.775,40.008,299.49,0.011856,3.1125e-11,2.6763e-11
0,1,0,18.75,54248,43.324,41.917,288.79,0.0087587,3.1469e-11,3.2362e-11
0,1,0,13.153,3.3431e+05,42.496,41.478,291.85,0.0055,3.268e-11,2.7922e-11
0,1,0,23.8,25987,43.321,40.82,291.52,0.010394,3.0966e-11,3.0814e-11
0,1,0,17.199,1.4922e+05,43.207,40.579,292.39,0.0075377,3.2803e-11,3.1823e-11
0,1,0,16.004,78564,44.2,42.931,284.6,0.0079153,3.1813e-11,2.8941e-11
0.0051546,0.99485,0.33333,5.521,1.0154e+06,43.073,43.603,285.52,0.007008,3.332e-11,2.7722e-11
0.0012887,0.99871,0.33333,6.5079,9.483e+05,41.075,44.58,287.93,0.0073912,3.2612e-11,3.0217e-11
0,1,0,20.992,35158,42.299,43.473,287.61,0.0061455,3.5509e-11,2.5431e-11
0,1,0,12.797,4.2537e+05,41.502,43.551,289.68,0.01072,3.012e-11,3.1177e-11
0,1,0,11.866,4.9347e+05,41.226,41.409,295.04,0.011157,3.0661e-11,2.6837e-11
0,1,0,16.603,1.7174e+05,40.469,42.576,294.05,0.0087236,2.8812e-11,2.7039e-11
0,1,0,22.543,75517,40.349,39.738,301.29,0.010584,3.3887e-11,3.1334e-11
0,1,0,12.767,2.0129e+05,43.154,42.104,288.87,0.0099904,3.3866e-11,3.1537e-11
0,1,0,8.6261,6.6255e+05,42.762,41.953,289.93,0.0051131,3.4271e-11,2.5594e-11
0,1,0,20.6,47240,39.698,44.227,292.12,0.0082386,2.5225e-11,3.2783e-11
0,1,0,10.255,6.2758e+05,43.374,40.667,291.81,0.0026538,3.2873e-11,2.8808e-11
0,1,0,11.041,4.9414e+05,43.963,41.17,289.54,0.010801,2.7536e-11,2.6515e-11
0,1,0,7.953,6.0094e+05,42.106,44.495,285.92,0.0066258,3.1943e-11,3.0709e-11
0,1,0,22.852,29328,43.736,40.882,290.32,0.0079972,2.7734e-11,2.509e-11
0,1,0,11.394,9.3954e+05,39.577,40.554,301.18,0.010439,3.2063e-11,3.0094e-11
0,1,0,14.959,1.2241e+05,43.993,42.207,286.48,0.003591,3.3971e-11,3.2726e-11
0,1,0,15.136,2.3957e+05,41.74,42.512,291.64,0.0096224,3.1003e-11,2.8506e-11
0,1,0,16.506,1.4541e+05,40.862,42.127,294.19,0.0053806,3.5986e-11,3.1304e-11
0,1,0,8.6752,6.2837e+05,40.597,43.75,290.95,0.011013,3.3293e-11,2.8412e-11
0,1,0,22.011,48724,41.015,42.02,293.96,0.0074244,3.3987e-11,2.5986e-11
0.0025773,0.99742,0.33333,6.1687,2.0351e+06,41.211,42.31,293.08,0.011129,3.0626e-11,2.854e-11
0,1,0,8.4158,8.6915e+05,44.372,41.682,287.15,0.0047069,3.2981e-11,3.1461e-11
0,1,0,20.935,48887,42.527,41.539,291.65,0.010013,3.4946e-11,2.8366e-11
0,1,0,22.421,37592,41.295,42.273,292.69,0.0060435,3.9625e-11,3.186e-11
0,1,0,18.187,86973,43.154,41.52,290.12,0.0064436,3.6564e-11,2.6782e-11
0,1,0,24.251,19352,42.056,42.188,291,0.0082478,3.8791e-11,3.0903e-11
0,1,0,14.291,2.0831e+05,42.251,42.77,289.44,0.011245,3.2758e-11,2.959e-11
0,1,0,19.907,94142,42.317,41.868,291.66,0.0092027,3.6913e-11,2.695e-11
0,1,0,22.362,15550,44.167,44.278,281.66,0.0060724,3.3342e-11,2.7212e-11
0,1,0,23.208,26700,39.81,43.741,292.95,0.0079871,3.276e-11,2.6479e-11
0,1,0,21.588,44751,43.381,41.149,290.65,0.0087772,3.5885e-11,2.9958e-11
0,1,0,7.8153,1.1127e+06,42.192,41.188,293.34,0.00943,3.3943e-11,2.6216e-11
0,1,0,15.263,1.8802e+05,43.927,39.775,292.69,0.012235,2.9928e-11,3.0839e-11
0,1,0,11.853,8.1276e+05,41.019,40.14,298.67,0.0079188,3.0573e-11,3.0039e-11
0,1,0,22.425,40219,41.063,42.77,292.2,0.0095576,3.9314e-11,2.8354e-11
0,1,0,22.904,25598,43.766,42.162,287.24,0.0074042,3.1427e-11,3.1793e-11
0,1,0,20.003,1.0371e+05,40.178,41.151,298.35,0.010846,3.1302e-11,2.9081e-11
0,1,0,11.445,3.9091e+05,44.451,40.287,290.44,0.0052816,2.9644e-11,3.0155e-11
0,1,0,7.3811,8.2209e+05,42.96,43.014,287.08,0.0060962,3.0119e-11,3.2795e-11
0,1,0,19.341,34415,43.53,43.796,283.98,0.0067734,2.8758e-11,2.8289e-11
0,1,0,19.336,1.1582e+05,40.498,41.693,296.06,0.0055374,3.4072e-11,3.2861e-11
0,1,0,24.311,29452,42.752,41.229,292,0.005823,3.4068e-11,2.9544e-11
0.0051546,0.99485,0.66667,5.7246,1.7114e+06,42.205,42.803,289.47,0.008831,3.3366e-11,3.2377e-11
0,1,0,22.154,38574,41.47,42.487,292.02,0.011666,3.1065e-11,2.7823e-11
0,1,0,7.8879,8.2722e+05,43.727,40.965,290.12,0.0067418,3.2752e-11,2.8941e-11
0,1,0,22.753,42665,40.094,41.852,296.69,0.013704,3.3266e-11,2.5371e-11
0,1,0,18.73,63464,41.879,43.336,289,0.0027808,3.6178e-11,2.7047e-11
0,1,0,16.897,51627,43.798,43.351,284.35,0.0033341,3.5274e-11,3.1391e-11
0,1,0,21.91,39425,44.144,38.969,294.18,0.013814,3.5367e-11,2.8103e-11
0,1,0,20.627,34946,42.218,43.481,287.67,0.0095301,3.0643e-11,3.1069e-11
0,1,0,18.701,77251,44.164,39.921,291.72,0.009002,3.3123e-11,2.4343e-11
0,1,0,17.464,1.5612e+05,41.505,40.626,296.29,0.0090131,3.4962e-11,3.1236e-11
0,1,0,13.01,1.3392e+05,43.545,44.256,282.88,0.0057665,3.1328e-11,3.0086e-11
0,1,0,7.814,1.0624e+06,43.325,41.687,289.61,0.0059729,3.1712e-11,2.8441e-11
0,1,0,23.055,26654,42.395,41.52,292.09,0.0096653,3.296e-11,3.2785e-11
0,1,0,20.945,14199,46.236,42.682,280.42,0.0055973,2.8968e-11,3.2155e-11
0,1,0,19.303,77763,42.506,40.5,294.3,0.010416,3.5145e-11,2.7037e-11
0,1,0,12.323,7.8685e+05,39.833,39.867,302.24,0.012097,3.5173e-11,2.9454e-11
0,1,0,19.26,24691,43.846,44.779,281.1,0.0046263,3.4714e-11,2.6335e-11
0,1,0,9.5559,7.866e+05,43.356,39.457,294.73,0.011377,3.155e-11,3.4037e-11
0,1,0,21.081,43877,41.396,42.471,291.86,0.007407,3.484e-11,2.791e-11
0.003866,0.99613,0.33333,6.0749,1.0129e+06,43.524,41.852,288.75,0.0055271,3.16e-11,2.6798e-11
0,1,0,13.444,2.0164e+05,43.446,41.504,289.36,0.0060548,3.0377e-11,3.0973e-11
0,1,0,10.143,2.3318e+05,43.753,44.363,282.4,0.005563,3.7885e-11,3.6874e-11
0,1,0,13.447,3.4716e+05,43.388,39.9,293.63,0.0061392,3.7375e-11,3.2121e-11
0,1,0,20.099,94096,41.241,40.017,298.41,0.015118,2.9668e-11,3.0225e-11
0,1,0,18.82,41763,45.008,40.977,287.21,0.0069824,3.3531e-11,3.351e-11
0,1,0,9.998,4.3929e+05,41.14,44.145,288.66,0.0034953,3.0251e-11,2.683e-11
0,1,0,23.076,9414.6,43.816,44.493,281.51,0.0026142,3.5227e-11,2.9922e-11
0,1,0,22.24,27112,42.835,42.897,287.88,0.0070991,3.1455e-11,2.6562e-11
0,1,0,7.5046,1.7464e+06,41.803,39.869,297.83,0.0183,3.2167e-11,3.0128e-11
0,1,0,22.919,24707,43.45,42.164,287.95,0.0069797,3.4127e-11,2.9901e-11
0,1,0,8.3697,7.7282e+05,42.235,41.92,291.31,0.0029005,2.9179e-11,3.0678e-11
0,1,0,18.458,77015,42.383,43.348,288.16,0.0097959,2.9539e-11,3.1603e-11
0,1,0,9.1653,6.3432e+05,43.326,41.682,289.43,0.0066801,3.3151e-11,3.119e-11
0,1,0,7.4781,1.9408e+06,42.752,38.677,298.41,0.012974,3.5739e-11,2.9943e-11
0,1,0,16.327,1.1176e+05,43.463,41.871,288.78,0.0064909,2.9163e-11,2.4623e-11
0,1,0,15.113,96256,44.702,41.339,286.86,0.0037095,2.888e-11,3.1833e-11
0,1,0,20.135,19795,44.048,43.854,282.48,0.0036233,3.1973e-11,2.8491e-11
0.003866,0.99613,0.66667,6.1725,1.0616e+06,42.686,42.489,288.99,0.0086011,3.3817e-11,2.6635e-11
0,1,0,23.435,23479,41.133,42.978,291.77,0.0099075,3.8637e-11,2.9765e-11
0.0090206,0.99098,0.33333,6.1811,1.5224e+06,41.722,42.301,291.55,0.0073103,4.0074e-11,2.8538e-11
0.0012887,0.99871,0.33333,6.4114,1.441e+06,41.807,41.439,293.3,0.0069183,3.588e-11,2.795e-11
0,1,0,9.684,4.4024e+05,43.609,42.291,287.28,0.0052787,3.1066e-11,3.0403e-11
0,1,0,12.719,4.2281e+05,42.306,40.523,294.82,0.011444,3.3839e-11,2.8121e-11
0,1,0,23.733,18518,39.912,44.773,290.25,0.0040147,3.2509e-11,3.1889e-11
0,1,0,15.385,69004,43.119,44.138,283.96,0.0063978,3.2042e-11,2.8398e-11
0,1,0,9.0288,8.2935e+05,42.441,40.384,294.48,0.0084235,3.1912e-11,3.2833e-11
0,1,0,15.057,1.9938e+05,43.074,40.142,293.61,0.010104,3.2989e-11,2.892e-11
0,1,0,14.256,1.7778e+05,43.638,42.473,287.19,0.0084804,3.0706e-11,2.6894e-11
0,1,0,20.753,48966,40.731,42.65,293.24,0.0097869,2.9811e-11,2.8335e-11
0.0025773,0.99742,0.33333,5.2772,2.1101e+06,41.022,42.009,294.4,0.0081741,3.603e-11,2.8989e-11
0,1,0,8.5497,1.4937e+06,40.943,41.298,295.93,0.0053414,3.4435e-11,2.8366e-11
0,1,0,23.149,11304,43.855,44.763,281.05,0.0021487,3.5885e-11,3.4278e-11
0,1,0,12.081,4.3098e+05,43.067,41.365,291.03,0.0088631,3.1543e-11,2.8546e-11
0,1,0,22.869,63866,41.703,40.723,295.89,0.0073375,3.3241e-11,2.8782e-11
0,1,0,15.689,1.8641e+05,41.888,40.8,294.79,0.010787,2.9917e-11,3.288e-11
0.0051546,0.99485,0.33333,5.1247,2.4527e+06,42.733,41.027,292.58,0.013173,3.3674e-11,2.8865e-11
0,1,0,14.476,1.5101e+05,43.896,41.693,287.98,0.0065136,3.1697e-11,2.9452e-11
0,1,0,20.187,53002,44.551,40.664,289.15,0.0070674,3.4345e-11,3.0404e-11
0,1,0,11.006,4.5471e+05,44.255,40.755,289.52,0.0057893,3.4252e-11,2.9005e-11
0,1,0,16.326,83448,43.439,42.449,287.69,0.0085652,3.2182e-11,2.6049e-11
0,1,0,17.611,1.1227e+05,42.725,40.518,293.43,0.0059538,3.2638e-11,2.7516e-11
0,1,0,17.551,68958,44.057,41.892,287.28,0.0034433,3.3022e-11,2.6264e-11
0,1,0,14.852,1.9114e+05,41.321,44.339,288.22,0.010523,3.6614e-11,3.3573e-11
0,1,0,8.064,5.6508e+05,42.305,44.265,286,0.0087044,3.0238e-11,3.0493e-11
0,1,0,11.486,3.8573e+05,41.689,42.924,290.31,0.011933,3.395e-11,2.9508e-11
0,1,0,11.833,3.2783e+05,40.535,43.727,291.44,0.0072343,3.0898e-11,2.9182e-11
0,1,0,21.872,59641,42.399,39.442,297.19,0.013164,3.6294e-11,2.8693e-11
0,1,0,14.125,1.0754e+05,45.89,41.308,284.59,0.0030769,3.1926e-11,2.8579e-11
0,1,0,8.0011,8.6185e+05,41.773,42.117,292.15,0.0093822,3.9218e-11,3.3633e-11
0,1,0,8.0865,8.9756e+05,42.177,41.952,291.5,0.0091797,2.6802e-11,2.839e-11
0,1,0,11.652,2.6524e+05,41.794,44.316,286.82,0.0064926,3.4824e-11,2.7302e-11
0,1,0,21.406,49543,42.527,40.442,294.09,0.0051546,2.9611e-11,2.7573e-11
0,1,0,13.254,3.9282e+05,42.054,41.153,293.6,0.0074872,3.2945e-11,3.0002e-11
0,1,0,22.002,9611.3,45.336,44.429,278.53,0.0052038,3.4479e-11,3.4314e-11
0,1,0,23.719,18677,42.34,42.713,289.14,0.0051457,2.9541e-11,2.7826e-11
0,1,0,9.9424,6.0059e+05,43.786,40.457,291.26,0.0070333,3.2601e-11,2.8005e-11
0,1,0,10.145,7.5036e+05,43.368,39.567,294.53,0.0090119,3.1473e-11,2.9998e-11
0,1,0,11.83,3.7708e+05,41.024,44.059,289.4,0.0066699,3.1273e-11,2.8169e-11
0,1,0,9.4567,3.1821e+05,44.34,42.852,284.15,0.0065313,3.2197e-11,3.1468e-11
0,1,0,7.9864,9.8128e+05,43.478,40.629,291.68,0.0090914,4.1615e-11,2.9248e-11
0,1,0,23.781,25571,40.366,42.864,293.73,0.0084348,3.0776e-11,2.8226e-11
0,1,0,22.837,16436,45.77,40.287,287.24,0.0094414,2.9847e-11,2.7555e-11
0,1,0,10.849,7.9606e+05,41.03,40.211,298.32,0.011652,3.3269e-11,3.4106e-11
0,1,0,14.946,1.7925e+05,43.109,41.263,290.79,0.0071731,3.186e-11,2.8512e-11
0,1,0,23.644,15414,42.325,43.591,287.38,0.0051527,3.0398e-11,3.2256e-11
0,1,0,9.3848,7.4236e+05,42.166,42.793,289.67,0.0055381,3.4766e-11,2.8524e-11
0,1,0,6.4544,5.8834e+05,46.37,41.126,284.01,0.0042053,3.6354e-11,3.359e-11
0,1,0,15.373,81620,43.854,44.041,282.81,0.0057126,3.1646e-11,2.6274e-11
0,1,0,14.433,3.2476e+05,40.717,41.209,296.53,0.0044208,3.062e-11,3.2106e-11
0,1,0,12.667,1.8854e+05,43.957,42.079,286.88,0.0059259,3.1069e-11,2.8766e-11
0,1,0,14.895,2.6172e+05,41.532,40.994,295.11,0.0062532,3.2916e-11,2.9004e-11
0,1,0,16.627,1.526e+05,42.162,41.175,293.34,0.0095186,3.6903e-11,2.7785e-11
0,1,0,11.731,3.9892e+05,42.652,41.535,291.18,0.0063527,3.4518e-11,3.0357e-11
0,1,0,19.655,19690,44.22,44.551,280.71,0.0033377,3.6169e-11,3.0313e-11
0.0051546,0.99485,0.33333,5.4196,1.4748e+06,41.675,43.326,289.44,0.008274,3.8148e-11,2.8479e-11
0.016753,0.98325,0.66667,5.9952,5.9668e+05,44.084,43.155,284,0.0063842,3.2785e-11,2.8061e-11
0,1,0,9.6888,7.5996e+05,43.351,39.864,293.68,0.0058659,3.171e-11,3.1816e-11
0,1,0,23.834,25345,41.981,43.019,289.72,0.010519,2.9294e-11,3.0678e-11
0,1,0,22.896,24099,42.717,42.358,289.24,0.0083406,3.0156e-11,2.8974e-11
0,1,0,17.087,81758,41.617,43.571,288.99,0.0066226,2.9315e-11,3.2005e-11
0,1,0,19.151,55475,42.592,41.915,290.56,0.0056855,2.9913e-11,2.9516e-11
0.010309,0.98969,0.33333,5.4985,3.0154e+06,39.434,41.281,299.6,0.0098316,3.0223e-11,2.8308e-11
0,1,0,13.744,2.8628e+05,42.104,42.356,290.82,0.0083683,3.3432e-11,3.5145e-11
0,1,0,23.793,25493,43.639,41.049,290.53,0.0086807,3.0584e-11,2.7877e-11
0,1,0,15.429,1.9356e+05,43.411,39.605,294.23,0.0085143,3.17e-11,3.2624e-11
0,1,0,13.552,2.5158e+05,40.376,44.153,290.73,0.0077226,3.0185e-11,2.8999e-11
0,1,0,9.5278,9.708e+05,42.127,41.905,292.01,0.0078687,3.1792e-11,3.2075e-11
0,1,0,22.621,35141,41.41,42.392,292.19,0.0092281,3.8761e-11,2.8532e-11
0,1,0,13.65,1.9241e+05,44.186,40.955,289.07,0.0095597,3.137e-11,2.6304e-11
0,1,0,8.4311,1.3371e+06,43.608,38.948,295.75,0.013547,3.051e-11,3.524e-11
0,1,0,23.49,9336.6,43.926,44.272,281.94,0.00331,2.9901e-11,2.8577e-11
0,1,0,16.891,66768,43.367,44.257,283.36,0.0036341,3.1302e-11,2.9308e-11
0,1,0,6.2353,1.4075e+06,43.508,42.466,287.26,0.0048532,3.0133e-11,2.6084e-11
0,1,0,20.129,38684,40.929,44.311,288.89,0.0057607,3.0344e-11,2.9457e-11
0,1,0,7.8697,7.094e+05,43.546,41.883,288.49,0.0063072,2.9183e-11,2.4177e-11
0,1,0,11.515,3.3736e+05,42.569,42.496,289.39,0.0040679,3.6461e-11,2.9897e-11
0,1,0,16.255,72996,44.659,41.593,286.69,0.0085338,2.9779e-11,2.9198e-11
0,1,0,19.169,30430,43.573,44.327,282.66,0.0060389,3.3196e-11,3.0527e-11
0,1,0,20.712,32014,43.009,42.98,287.25,0.005857,3.7363e-11,2.8699e-11
0,1,0,12.906,3.5612e+05,42.798,39.937,294.66,0.0073904,3.1983e-11,2.7632e-11
0,1,0,22.988,24620,41.587,42.755,291,0.0089316,3.7863e-11,3.0431e-11
0,1,0,6.378,1.8904e+06,42.47,40.801,293.77,0.014233,2.945e-11,2.8222e-11
0,1,0,9.4943,2.6823e+05,43.984,43.804,282.83,0.0053506,2.9142e-11,2.6899e-11
0,1,0,17.543,90133,42.995,42.177,289.01,0.0060928,3.6375e-11,2.8675e-11
0,1,0,23.234,43816,40.379,43.341,292.82,0.0077433,3.2372e-11,2.8604e-11
0,1,0,22.631,20015,44.826,40.609,288.43,0.0064588,2.7129e-11,2.8833e-11
0,1,0,18.924,55608,41.744,43.873,288.2,0.0061071,3.2018e-11,3.0665e-11
0,1,0,17.432,84031,44.512,41.647,286.9,0.0055671,3.09e-11,2.9596e-11
0,1,0,13.812,3.4269e+05,40.861,42.03,294.53,0.010668,2.9407e-11,3.1441e-11
0,1,0,24.198,28652,41.284,41.095,295.76,0.01519,3.6778e-11,3.267e-11
0,1,0,11.513,4.1359e+05,43.774,40.016,292.45,0.0097253,3.6026e-11,3.0267e-11
0,1,0,10.587,2.6573e+05,45.154,42.195,284.14,0.0071543,2.9762e-11,2.6493e-11
0,1,0,20.014,97680,42.111,41.799,292.43,0.0094214,3.0714e-11,2.8612e-11
0,1,0,9.9668,2.4165e+05,46.238,41.569,283.11,0.0071674,3.7082e-11,3.0287e-11
0,1,0,7.7723,4.8977e+05,41.492,45.319,285.27,0.0074732,3.5244e-11,3.2194e-11
0,1,0,16.065,1.8111e+05,40.295,42.47,294.68,0.0065781,3.0791e-11,3.4049e-11
0,1,0,22.051,13443,43.614,44.111,282.87,0.0051238,3.9763e-11,2.5921e-11
0,1,0,6.8417,2.3712e+06,41.593,39.743,298.48,0.013127,3.679e-11,2.8002e-11
0,1,0,8.7801,7.3497e+05,43.399,41.878,288.84,0.0065521,3.0402e-11,2.7423e-11
0,1,0,12.824,1.9312e+05,43.93,41.469,288.36,0.0078292,3.5423e-11,2.89e-11
0,1,0,11.253,4.7893e+05,41.659,41.741,293.29,0.0088378,3.3127e-11,2.8892e-11
0,1,0,22.314,24612,43.424,42.287,287.77,0.0051065,3.1588e-11,3.0373e-11
0.003866,0.99613,0.66667,6.6228,7.1587e+05,42.418,43.81,286.48,0.004124,3.3969e-11,2.8882e-11
0,1,0,16.756,1.2684e+05,40.898,42.952,292.09,0.01039,2.9437e-11,2.929e-11
0,1,0,17.881,61035,42.469,44.192,285.57,0.0055327,2.8521e-11,2.7618e-11
0.0012887,0.99871,0.33333,7.4013,7.105e+05,42.109,43.45,288.06,0.0093348,3.3157e-11,2.7294e-11
0,1,0,23.417,22526,43.392,40.779,291.25,0.0096057,2.8994e-11,2.7171e-11
0,1,0,15.748,99152,41.294,44.073,288.53,0.010223,4.1911e-11,3.2072e-11
0,1,0,16.249,2.0532e+05,42.274,39.603,296.9,0.014354,3.7373e-11,2.7599e-11
0,1,0,7.0318,1.015e+06,42.53,41.95,290.64,0.0093223,2.9285e-11,2.7591e-11
0.0012887,0.99871,0.33333,7.5741,5.6792e+05,43.744,43.253,284.71,0.0059469,3.8019e-11,2.9081e-11
0,1,0,24.345,15138,42.945,42.788,287.68,0.0085917,3.3978e-11,2.9898e-11
0,1,0,18.458,1.2562e+05,43.128,40.689,292.5,0.010305,2.8234e-11,2.5971e-11
0,1,0,21.112,28038,43.762,42.844,285.74,0.0079306,3.9205e-11,2.9106e-11
0,1,0,17.938,1.8399e+05,42.772,39.522,296.08,0.0049689,3.3374e-11,3.0668e-11
0,1,0,24.574,13302,42.331,43.44,287.57,0.0074903,3.0634e-11,2.9641e-11
0,1,0,16.162,1.9645e+05,41.997,41.298,293.59,0.0093946,3.023e-11,2.7533e-11
0,1,0,17.49,84552,41.966,43.389,288.42,0.0044322,3.5929e-11,3.0604e-11
0,1,0,17.132,1.1545e+05,43.321,40.348,292.72,0.012608,2.9308e-11,3.0698e-11
0,1,0,21.083,18740,42.629,44.561,284.11,0.00556,2.7513e-11,3.0917e-11
0,1,0,21.719,19863,44.642,42.033,285.47,0.0041862,3.5992e-11,2.9921e-11
0,1,0,20.243,30647,43.904,42.334,286.49,0.0045486,3.103e-11,2.8498e-11
0,1,0,21.139,30456,43.856,42.19,286.85,0.0049062,3.282e-11,3.1962e-11
0,1,0,13.17,5.1323e+05,41.49,39.577,298.79,0.0091053,3.0831e-11,3.2812e-11
0,1,0,24.392,35716,40.8,41.315,296.53,0.0070874,3.3507e-11,3.2333e-11
0,1,0,9.7872,3.209e+05,44.263,42.14,285.98,0.0038161,3.4362e-11,2.5931e-11
0,1,0,22.152,15216,43.308,43.727,284.64,0.0059675,2.7418e-11,2.8757e-11
0,1,0,10.795,4.8575e+05,42.796,41.864,290.14,0.0078277,3.9589e-11,2.8065e-11
0,1,0,24.453,26740,42.953,41.465,290.91,0.0080973,3.1188e-11,2.9253e-11
0,1,0,20.79,95952,41.744,38.733,300.34,0.010646,2.9736e-11,3.853e-11
0,1,0,13.663,1.8247e+05,44.476,40.986,288.36,0.0070001,3.4092e-11,3.6062e-11
0,1,0,19.181,1.2641e+05,39.417,41.573,298.98,0.010406,3.4793e-11,2.4805e-11
0,1,0,21.748,35682,42.59,43.576,286.83,0.010087,3.2807e-11,2.9201e-11
0,1,0,12.024,1.9312e+05,42.734,44.119,285.18,0.0069047,2.9646e-11,3.3625e-11
0,1,0,14.526,1.6252e+05,44.449,40.365,289.96,0.0099806,3.1846e-11,3.3284e-11
0,1,0,20.415,1.3956e+05,39.532,40.22,302.49,0.020841,2.9574e-11,3.3672e-11
0,1,0,15.358,1.7273e+05,43.241,42.309,288.25,0.003273,3.2085e-11,3.3471e-11
0,1,0,15.594,1.0677e+05,44.13,42.45,285.71,0.0062014,3.6433e-11,2.5714e-11
0,1,0,22.424,24832,41.893,42.79,290.21,0.012245,3.3253e-11,2.7619e-11
0,1,0,22.868,29963,44.101,39.782,292.18,0.0091185,3.7593e-11,3.2469e-11
0,1,0,23.562,6929.9,45.346,44.195,278.98,0.0023467,3.4798e-11,2.885e-11
0,1,0,17.168,1.205e+05,42.776,40.858,292.58,0.0092086,3.235e-11,3.0286e-11
0,1,0,9.1406,1.0828e+06,43.883,38.615,295.8,0.0062658,3.41e-11,3.1859e-11
0,1,0,16.458,91261,39.763,45.287,289.58,0.0076679,3.2498e-11,3.1881e-11
0,1,0,8.5459,7.0502e+05,40.11,43.843,291.82,0.0061956,2.641e-11,3.2334e-11
0.003866,0.99613,0.66667,5.3905,1.7032e+06,42.632,41.075,292.46,0.0057114,2.5446e-11,2.7545e-11
0,1,0,16.375,1.1608e+05,45.305,39.741,289.81,0.012105,3.1451e-11,3.3354e-11
0,1,0,19.158,87499,40.732,43.495,291.67,0.013839,3.2461e-11,3.1679e-11
0,1,0,7.4764,1.3214e+06,41.048,41.883,294.12,0.0059618,3.8591e-11,2.9354e-11
0,1,0,24.931,24761,43.365,43.229,286.17,0.0089373,3.5344e-11,2.9594e-11
0,1,0,20.398,68620,41.021,41.377,295.47,0.010969,3.258e-11,2.9435e-11
0,1,0,13.247,2.7756e+05,39.574,43.922,293.2,0.0078271,3.2549e-11,3.2495e-11
0,1,0,22.435,60194,41.965,39.74,297.46,0.012364,3.1631e-11,2.7624e-11
0,1,0,11.261,6.057e+05,40.482,41.464,296.6,0.0066625,3.1731e-11,2.7944e-11
0,1,0,13.941,1.8036e+05,42.679,41.873,290.71,0.0086822,3.3866e-11,2.9538e-11
0,1,0,24.061,22852,42.033,41.302,293.23,0.0049804,3.6454e-11,3.5804e-11
0,1,0,16.096,44486,45.527,43.143,280.81,0.0059042,4.1295e-11,3.1998e-11
0,1,0,14.848,1.1689e+05,41.964,43.678,287.78,0.0071387,3.3806e-11,3.0144e-11
0,1,0,5.8758,1.75e+06,39.895,42.916,294.57,0.0069026,3.9303e-11,2.6266e-11
0,1,0,13.031,2.3387e+05,41.957,42.629,290.36,0.0092575,3.421e-11,2.7194e-11
0,1,0,19.757,1.0646e+05,40.458,40.895,298.09,0.0094613,3.4431e-11,2.682e-11
0,1,0,13.019,2.4485e+05,42.447,42.223,289.97,0.0087117,3.3842e-11,3.021e-11
0,1,0,12.454,1.588e+05,41.61,44.993,285.65,0.0061302,3.2006e-11,3.0338e-11
0,1,0,13.116,5.1387e+05,42.426,40.007,295.64,0.006741,3.4431e-11,2.5594e-11
0,1,0,17.568,50167,43.308,43.7,284.57,0.0025684,3.1042e-11,3.0532e-11
0.007732,0.99227,0.66667,5.671,1.24e+06,41.939,43.229,288.8,0.0050459,3.3585e-11,2.8296e-11
0,1,0,5.7942,1.4735e+06,42.749,42.508,289.09,0.0058959,2.725e-11,2.7735e-11
0,1,0,8.1803,1.0589e+06,43.475,40.898,291.01,0.0018375,2.9028e-11,2.5844e-11
0,1,0,12.02,5.7743e+05,42.446,39.218,297.74,0.011125,3.4357e-11,2.8461e-11
0,1,0,16.694,2.1456e+05,40.909,41.883,294.79,0.0075384,3.3185e-11,2.8613e-11
0,1,0,12.137,5.1516e+05,41.938,40.537,295.55,0.0072922,4.1134e-11,2.8787e-11
0,1,0,13.311,2.0425e+05,42.592,42.248,289.92,0.007028,3.1597e-11,3.2106e-11
0,1,0,21.188,35928,43.81,43.019,285.39,0.0088539,3.1394e-11,2.8545e-11
0,1,0,10.076,3.3921e+05,44.769,42.722,283.69,0.0028083,3.5145e-11,2.9116e-11
0,1,0,10.946,1.0817e+05,45.267,44.511,278.37,0.0038176,3.192e-11,3.0922e-11
0,1,0,10.946,2.5853e+05,43.881,43.251,284.3,0.0036384,3.4191e-11,3.0567e-11
0,1,0,10.173,7.2013e+05,41.63,43.205,290.14,0.0082773,3.2322e-11,2.8073e-11
0,1,0,18.117,1.4367e+05,41.911,41.349,293.58,0.0084453,3.2759e-11,2.9633e-11
0,1,0,8.0436,1.5226e+06,41.417,39.873,298.18,0.0090633,3.8057e-11,3.6088e-11
0,1,0,10.986,4.3793e+05,43.486,40.768,291.48,0.0099341,3.3697e-11,2.7904e-11
0,1,0,18.308,72626,42.627,41.939,290.53,0.0071252,3.2442e-11,2.7587e-11
0,1,0,15.555,1.9929e+05,40.333,43.288,292.82,0.0086482,3.1992e-11,2.7149e-11
0,1,0,18.155,45102,43.429,43.68,284.6,0.0048839,2.829e-11,2.9221e-11
0,1,0,11.791,2.1186e+05,42.121,43.984,287.03,0.0080356,3.1518e-11,3.0678e-11
0.0051546,0.99485,0.33333,5.7831,1.0591e+06,40.122,45.247,288.88,0.0093083,3.2297e-11,3.3868e-11
0,1,0,15.381,1.2706e+05,43.945,40.619,290.6,0.0070844,3.2486e-11,2.879e-11
0,1,0,8.9833,6.1616e+05,43.445,41.221,290.12,0.0069133,2.982e-11,3.0181e-11
0,1,0,18.79,37992,43.109,44.569,283.31,0.0064752,3.0878e-11,3.264e-11
0,1,0,8.8342,8.7656e+05,44.252,40.057,291.41,0.007034,2.9665e-11,3.2085e-11
0,1,0,12.272,3.2605e+05,42.1,42.202,291.02,0.0097991,3.2665e-11,3.0578e-11
0,1,0,8.3785,4.4228e+05,45.107,42.93,282.5,0.0053238,2.9349e-11,3.2085e-11
0,1,0,24.179,9141,43.557,44.367,282.49,0.0029648,3.2685e-11,2.7425e-11
0,1,0,19.648,1.1379e+05,42.102,41.376,293.46,0.011605,3.5337e-11,3.3024e-11
0,1,0,12.417,1.8227e+05,44.07,42.704,285.49,0.0031888,3.2466e-11,3.0678e-11
0,1,0,17.864,62545,41.992,43.698,287.82,0.0066112,3.4392e-11,3.0827e-11
0,1,0,19.135,57940,43.603,41.805,288.46,0.0039195,2.9714e-11,2.8036e-11
0,1,0,23.584,30808,41.34,41.766,293.8,0.0098058,3.2392e-11,2.3912e-11
0,1,0,13.98,93335,45.757,43.485,279.84,0.0045993,3.3334e-11,2.4405e-11
0,1,0,10.343,6.4883e+05,42.184,40.401,295.04,0.010611,3.8175e-11,2.6832e-11
0,1,0,19.046,1.0482e+05,41.053,42.282,293.58,0.010061,3.3949e-11,2.9217e-11
0.010309,0.98969,0.33333,5.557,1.0187e+06,42.537,44.069,285.88,0.0099816,3.3587e-11,3.1838e-11
0,1,0,20.798,62974,42.443,41.221,292.55,0.0097601,2.7649e-11,2.7555e-11
0,1,0,9.1909,3.6926e+05,43.703,43.635,284.06,0.0059245,3.4476e-11,3.0702e-11
0,1,0,22.588,16632,43.212,43.276,285.68,0.0053914,2.7622e-11,3.0553e-11
0,1,0,22.531,31387,42.141,41.377,292.78,0.0063448,3.4142e-11,2.971e-11
0,1,0,24.243,16661,43.281,42.103,288.75,0.009396,3.3961e-11,2.7479e-11
0,1,0,24.558,27860,42.388,41.016,293.29,0.0089669,2.9304e-11,3.4423e-11
0,1,0,15.314,87017,44.806,42.01,285.19,0.0073364,3.2443e-11,2.8621e-11
0,1,0,8.8464,6.5345e+05,41.4,43.478,289.58,0.0062524,3.4621e-11,2.992e-11
0,1,0,24.651,7373.8,44.952,42.761,283.09,0.0028978,3.6603e-11,3.0098e-11
0,1,0,11.316,1.6732e+05,43.967,43.528,283.51,0.004286,2.9204e-11,3.7856e-11
0,1,0,14.679,2.4509e+05,43.07,41.801,289.8,0.0037293,3.4274e-11,3.2968e-11
0,1,0,10.103,5.19e+05,40.412,44.206,290.57,0.010153,3.4165e-11,2.7353e-11
0,1,0,8.7943,9.3776e+05,42.03,41.533,292.99,0.0058549,2.7913e-11,3.1349e-11
0,1,0,11.986,1.2344e+05,44.965,43.971,280.24,0.0032822,3.0717e-11,3.3103e-11
0,1,0,23.962,38966,42.681,40.356,294.3,0.0074533,3.4623e-11,3.4959e-11
0,1,0,23.131,41898,42.736,39.865,295.23,0.0093407,2.9672e-11,3.317e-11
0.0025773,0.99742,0.33333,6.044,7.682e+05,42.781,43.47,286.6,0.0044355,3.114e-11,2.8489e-11
0,1,0,17.794,1.9684e+05,39.857,40.866,299.86,0.010643,3.1708e-11,2.8933e-11
0,1,0,9.8723,9.4282e+05,42.435,40.158,295.2,0.0069974,3.2196e-11,3.5602e-11
0,1,0,9.7437,1.0352e+06,39.531,41.69,298.43,0.011279,3.1896e-11,3.2579e-11
0,1,0,17.478,82991,42.631,42.241,289.52,0.0083966,3.0471e-11,3.0612e-11
0,1,0,6.458,9.6842e+05,43.318,41.675,289.22,0.0063822,3.0853e-11,3.0234e-11
0,1,0,8.2588,5.6026e+05,43.776,42.405,286.63,0.0052221,3.4215e-11,2.7613e-11
0,1,0,7.5272,1.1493e+06,41.334,42.12,293.01,0.010424,3.0785e-11,3.0519e-11
0,1,0,9.2396,7.3799e+05,40.628,43.075,292.37,0.0069218,3.3848e-11,2.9251e-11
0,1,0,9.5168,2.5086e+05,44.06,43.676,282.91,0.0027551,3.1972e-11,2.9389e-11
0.018041,0.98196,0.66667,5.6606,8.3305e+05,43.847,42.442,286.45,0.0058624,3.085e-11,2.7994e-11
0.0012887,0.99871,0.33333,6.069,1.0966e+06,44.169,40.946,289.06,0.0057074,3.4148e-11,3.2448e-11
0.0025773,0.99742,0.33333,6.2669,1.4018e+06,44.234,39.507,292.68,0.012688,2.8569e-11,3.2462e-11
0,1,0,8.5378,4.5235e+05,43.916,43.883,282.87,0.0039262,3.0153e-11,2.9164e-11
0.0012887,0.99871,0.33333,5.3987,2.1746e+06,42.258,40.179,295.54,0.0073271,3.2589e-11,2.8069e-11
0,1,0,5.8492,2.3066e+06,41.347,40.474,297.2,0.010919,3.7629e-11,2.9857e-11
0,1,0,23.985,11894,45.26,41.635,285,0.0055002,3.2657e-11,3.0473e-11
0,1,0,15.163,1.0302e+05,41.27,44.466,287.63,0.0073392,3.2174e-11,2.7291e-11
0,1,0,12.232,3.534e+05,43.401,41.17,290.45,0.004775,3.1295e-11,3.6287e-11
0,1,0,18.342,65103,42.651,42.791,288.48,0.0094411,2.8005e-11,3.165e-11
0,1,0,24.489,16551,40.473,44.232,290.2,0.0075065,3.2277e-11,2.8113e-11
0,1,0,9.0847,2.9123e+05,44.935,42.601,283.63,0.0060217,3.3278e-11,2.7401e-11
0,1,0,14.037,4.9692e+05,39.123,42.088,298.95,0.015161,3.0933e-11,3.373e-11
0,1,0,14.691,1.6619e+05,42.409,41.892,290.84,0.0052215,2.6958e-11,2.9373e-11
0,1,0,20.432,31833,42.707,43.354,286.82,0.0052814,2.9926e-11,2.8496e-11
0,1,0,6.7512,6.706e+05,40.632,45.767,286.48,0.0091132,3.3378e-11,2.5583e-11
0,1,0,16.608,1.5686e+05,42.462,41.199,292.58,0.0086015,3.0085e-11,2.6705e-11
0,1,0,6.7333,9.3419e+05,44.933,39.825,290.2,0.0078403,3.4613e-11,3.1609e-11
0,1,0,6.3148,5.6785e+05,46.08,41.338,283.92,0.0052012,2.818e-11,3.1144e-11
0,1,0,16.635,1.8578e+05,42.072,41.434,293.16,0.012131,3.374e-11,2.7982e-11
0,1,0,19.56,63302,41.344,43.603,289.52,0.0053239,2.9509e-11,3.0821e-11
0,1,0,17.707,1.5138e+05,39.659,41.859,297.82,0.014494,3.2947e-11,2.7233e-11
0,1,0,6.3864,6.2331e+05,43.77,43.859,283.19,0.0069449,3.2154e-11,3.0238e-11
0,1,0,8.3329,4.1848e+05,43.634,43.541,284.49,0.0057027,3.7399e-11,3.1988e-11
0,1,0,13.123,2.6661e+05,41.466,43.006,290.52,0.0087626,3.0127e-11,3.2164e-11
0,1,0,15.277,89992,42.869,44.236,284.52,0.0070869,2.9226e-11,2.6916e-11
0,1,0,8.4964,7.3027e+05,43.109,41.613,290.17,0.0098885,3.2179e-11,3.0777e-11
0,1,0,10.091,9.2538e+05,40.86,40.448,298.06,0.0094964,3.2499e-11,2.978e-11
0,1,0,19.463,25248,44.194,43.775,282.68,0.0056665,3.4662e-11,3.029e-11
0,1,0,14.399,2.1801e+05,43.577,40.903,290.86,0.012471,3.0449e-11,3.5771e-11
0,1,0,18.871,47679,43.149,42.324,288.18,0.0050722,3.2734e-11,3.4176e-11
0,1,0,22.706,15940,44.559,41.74,286.29,0.0061586,3.1492e-11,2.8452e-11
0,1,0,17.19,1.502e+05,43.277,39.223,295.67,0.009024,3.4991e-11,2.9129e-11
0,1,0,18.437,97323,43.859,41.552,289.03,0.010045,3.0503e-11,2.8965e-11
0,1,0,12.618,3.9961e+05,43.509,39.137,295.18,0.011974,3.5809e-11,3.6194e-11
0,1,0,11.823,4.3017e+05,41.055,43.089,291.45,0.010182,2.9973e-11,3.0415e-11
0,1,0,11.015,3.6432e+05,43.217,42.194,288.86,0.0099068,2.8685e-11,3.3607e-11
0,1,0,22.172,35661,44.22,40.449,290.39,0.0057731,3.747e-11,3.7121e-11
0,1,0,9.2717,5.6716e+05,42.677,42.69,288.44,0.0044856,3.1897e-11,2.6658e-11
0,1,0,18.296,46614,41.89,44.55,286.03,0.0041786,2.8389e-11,2.6421e-11
0,1,0,9.3106,1.4372e+06,39.679,41.083,299.46,0.0029897,3.0226e-11,3.1056e-11
0.0025773,0.99742,0.33333,5.8353,1.3917e+06,39.94,44.021,291.99,0.011845,2.7718e-11,2.9528e-11
0,1,0,10.745,4.6435e+05,41.99,42.608,290.61,0.010658,3.3973e-11,2.6887e-11
0,1,0,12.901,1.6329e+05,44.613,41.502,286.91,0.0066922,3.175e-11,2.5719e-11
0,1,0,15.418,1.0902e+05,45.208,40.148,288.7,0.0050672,3.7945e-11,2.8267e-11
0,1,0,10.636,6.2841e+05,42.077,41.061,293.83,0.0030667,3.0883e-11,3.4007e-11
0,1,0,16.834,67754,42.792,43.077,287.04,0.004032,3.324e-11,3.0301e-11
0,1,0,13.565,1.5417e+05,44.56,41.673,286.51,0.006825,3.0471e-11,2.9457e-11
0,1,0,16.219,1.2327e+05,43.532,42.063,288.41,0.0093812,3.2389e-11,2.8706e-11
0,1,0,13.493,2.4197e+05,43.161,41.205,291.02,0.010633,3.3852e-11,3.0075e-11
0,1,0,24.894,14609,43.335,41.713,289.09,0.0056763,3.7459e-11,3.0889e-11
0,1,0,13.475,4.1616e+05,42.317,41.482,292.56,0.0084219,2.9352e-11,3.1481e-11
0,1,0,16.613,98219,43.601,41.516,289.11,0.011066,3.7387e-11,3.0938e-11
0,1,0,22.528,44155,43.958,39.481,293.41,0.0070501,2.8861e-11,3.1989e-11
0,1,0,18.445,54498,43.471,41.918,288.32,0.009701,3.296e-11,2.5507e-11
0,1,0,18.544,22928,45.113,44.05,279.76,0.0046305,3.7422e-11,2.9337e-11
0,1,0,24.24,21986,41.792,41.788,292.45,0.0045592,2.8661e-11,2.785e-11
0,1,0,11.941,3.4197e+05,42.911,41.002,291.82,0.0078035,3.876e-11,2.6282e-11
0,1,0,20.716,26703,41.986,44.656,285.7,0.0038633,2.9312e-11,3.2296e-11
0,1,0,14.546,99106,43.687,43.465,284.16,0.0044645,2.8685e-11,2.9801e-11
0,1,0,20.184,57763,41.979,42.235,291.22,0.0097154,3.2653e-11,3.1387e-11
0,1,0,15.492,1.6929e+05,43.049,41.125,291.47,0.005839,3.2476e-11,3.0625e-11
0,1,0,8.0235,5.1116e+05,43.465,42.879,286.19,0.0056719,3.2035e-11,3.4727e-11
0,1,0,24.658,24966,41.17,42.219,293.44,0.0091681,3.2338e-11,3.0901e-11
0,1,0,23.791,17121,45.265,40.898,287.01,0.0042958,3.5452e-11,2.8787e-11
0,1,0,12.127,1.6939e+05,42.009,44.612,285.7,0.0053852,3.2212e-11,3.0061e-11
0,1,0,8.7639,4.571e+05,43.117,42.735,287.44,0.0063306,3.6631e-11,3.0823e-11
0,1,0,10.063,1.0166e+06,40.955,40.492,297.8,0.0090309,3.1803e-11,2.9673e-11
0,1,0,17.641,86063,42.065,42.088,291.24,0.009102,2.8129e-11,2.7126e-11
0,1,0,17.478,1.1321e+05,42.09,41.006,293.86,0.006235,3.3415e-11,3.3546e-11
0,1,0,15.347,70674,43.163,45.112,281.89,0.0065906,3.4068e-11,3.1988e-11
0,1,0,10.933,5.6458e+05,43.72,41.126,290.04,0.0049617,3.1652e-11,3.1141e-11
0,1,0,23.094,41713,40.552,41.462,296.49,0.012306,3.0386e-11,2.6564e-11
0,1,0,15.603,1.944e+05,41.861,40.647,295.36,0.013862,3.2351e-11,3.463e-11
0,1,0,6.1124,7.2752e+05,44.304,43.158,284.07,0.0062343,3.3358e-11,2.7057e-11
0,1,0,5.8029,1.5655e+06,42.821,41.546,290.89,0.0052736,3.1626e-11,2.7928e-11
0,1,0,15.604,2.6036e+05,42.663,39.27,297.1,0.015241,2.9804e-11,2.7812e-11
0,1,0,10.106,9.2093e+05,43.183,40.469,292.95,0.011278,3.0235e-11,2.8421e-11
0,1,0,7.0921,5.2736e+05,43.505,44.32,282.88,0.0029395,3.2117e-11,3.0156e-11
0,1,0,13.389,1.0324e+05,45.081,43.893,280.21,0.0035589,3.6397e-11,2.6e-11
0,1,0,9.3715,5.7042e+05,42.223,42.998,288.87,0.0030245,3.478e-11,3.0933e-11
0,1,0,21.851,25844,44.015,41.131,289.02,0.008062,3.614e-11,2.832e-11
0,1,0,19.138,53848,44.498,40.563,289.28,0.0061495,3.4248e-11,3.0306e-11
0,1,0,12.416,1.6799e+05,44.571,42.517,284.58,0.0044948,3.2601e-11,3.2029e-11
0,1,0,9.2434,5.4481e+05,42.849,42.056,289.55,0.0092455,3.0273e-11,2.7374e-11
0,1,0,17.443,1.7315e+05,42.286,40.906,293.88,0.007671,3.1048e-11,3.5111e-11
0,1,0,20.01,1.0088e+05,40.131,41.409,297.84,0.0090601,3.1571e-11,2.9887e-11
0,1,0,11.864,9.2289e+05,39.971,40.78,299.79,0.011252,3.728e-11,3.3567e-11
0.0064433,0.99356,0.33333,5.7755,2.194e+06,42.473,39.633,296.4,0.0063597,3.2125e-11,2.996e-11
0.021907,0.97809,0.66667,5.0529,1.3713e+06,41.731,42.955,290.61,0.0092685,3.3684e-11,3.1095e-11
0.0012887,0.99871,0.33333,7.1586,9.0893e+05,42.81,41.83,290.22,0.0084587,3.2737e-11,3.1805e-11
0,1,0,20.307,56122,42.799,40.741,292.76,0.0075245,3.4484e-11,2.8568e-11
0,1,0,9.5871,7.6965e+05,43.514,40.647,291.61,0.011412,3.6195e-11,2.9508e-11
0,1,0,16.192,1.6123e+05,42.162,43.181,288.77,0.0068547,3.0835e-11,3.0407e-11
0.0012887,0.99871,0.33333,6.5227,1.2534e+06,42.138,42.863,289.56,0.010248,3.1825e-11,3.6073e-11
0,1,0,11.083,2.8733e+05,44.112,42.148,286.48,0.0042482,3.5602e-11,3.4005e-11
0,1,0,8.035,1.3977e+06,41.31,40.581,296.71,0.0053514,3.1936e-11,2.9467e-11
0.0051546,0.99485,0.33333,5.7838,1.7826e+06,39.959,42.814,294.62,0.0069557,3.3689e-11,2.7171e-11
0,1,0,5.8034,1.3775e+06,40.146,44.234,291.03,0.0099971,2.9682e-11,3.0517e-11
0,1,0,21.878,34141,42.408,42.547,289.38,0.0061428,4.2798e-11,2.9632e-11
0,1,0,14.676,5.8359e+05,39.133,39.524,304.73,0.0079028,3.3195e-11,3.0056e-11
0,1,0,11.49,6.7523e+05,42.687,39.662,295.93,0.0089369,3.0741e-11,3.4822e-11
0,1,0,6.3662,2.6753e+06,41.004,40.04,298.87,0.011243,3.3449e-11,3.6649e-11
0,1,0,9.2802,4.0782e+05,45.498,40.206,287.92,0.0059305,3.5727e-11,2.6111e-11
0,1,0,13.489,2.3125e+05,42.958,42.399,288.74,0.0043383,2.9852e-11,2.8447e-11
0,1,0,7.4151,1.0617e+06,43.367,41.051,290.8,0.011253,3.8748e-11,3.331e-11
0,1,0,23.538,24939,42.592,41.187,292.29,0.0089787,2.9398e-11,2.5797e-11
0.0090206,0.99098,0.33333,5.0445,3.0333e+06,41.242,41.492,294.93,0.0074077,2.906e-11,2.749e-11
0,1,0,7.487,7.6978e+05,42.946,41.831,290.16,0.009305,3.5373e-11,3.1802e-11
0,1,0,14.576,1.7067e+05,41.952,42.836,289.77,0.0029774,3.2921e-11,3.2492e-11
0,1,0,11.852,4.1407e+05,42.398,41.899,291.04,0.0077739,3.3474e-11,2.9448e-11
0,1,0,14.653,1.3442e+05,44.589,41.475,287.08,0.0083436,3.0894e-11,3.2574e-11
0.0012887,0.99871,0.33333,6.8717,3.7945e+05,44.86,44.135,280.32,0.0020975,2.9293e-11,2.9362e-11
0,1,0,21.568,58045,42.032,40.049,296.31,0.010836,3.3239e-11,2.7556e-11
0,1,0,8.4331,2.6618e+05,43.96,44.76,280.67,0.0049168,3.1975e-11,3.0336e-11
0,1,0,9.4248,5.5981e+05,43.282,41.392,290.22,0.0063859,3.0184e-11,2.7508e-11
0,1,0,7.3543,1.4874e+06,43.482,42.331,287.89,0.0077828,3.2133e-11,3.1715e-11
0,1,0,6.4871,1.2406e+06,42.403,41.342,292.19,0.0062217,3.0263e-11,2.8796e-11
0,1,0,14.039,2.8415e+05,41.329,42.849,291.45,0.011464,3.1961e-11,3.1199e-11
0,1,0,19.869,66026,43.063,42.065,289.09,0.0023162,3.4248e-11,2.9344e-11
0,1,0,8.8107,4.6414e+05,41.968,43.83,287.48,0.0043526,3.4887e-11,3.0824e-11
0.0012887,0.99871,0.33333,5.4736,1.5856e+06,40.054,43.517,292.81,0.0092911,3.2076e-11,2.6431e-11
0,1,0,23.33,21518,41.84,42.692,290.28,0.0069439,2.7579e-11,2.7711e-11
0,1,0,9.1885,9.2485e+05,40.273,42.56,294.61,0.012263,3.2857e-11,3.0269e-11
0,1,0,11.437,4.7311e+05,41.952,43.398,288.82,0.0091811,3.6085e-11,3.1641e-11
0,1,0,12.001,6.4158e+05,40.987,40.008,298.87,0.010935,3.2719e-11,3.3255e-11
0,1,0,23.217,38377,42.294,40.199,295.47,0.0099418,3.0808e-11,2.9417e-11
0,1,0,7.3338,7.8014e+05,44.454,41.776,286.51,0.0033537,3.3846e-11,2.7203e-11
0,1,0,20.704,79175,41.211,41.541,294.83,0.0090458,2.9506e-11,3.0846e-11
0,1,0,11.697,2.3719e+05,44.293,42.764,284.69,0.0078421,3.1906e-11,2.7411e-11
0,1,0,6.9562,1.3855e+06,41.555,43.395,289.85,0.0093882,3.4562e-11,3.1522e-11
0.0012887,0.99871,0.33333,6.2291,1.2808e+06,42.115,43.147,288.88,0.0080209,3.8928e-11,2.7929e-11
0.0012887,0.99871,0.33333,5.6554,1.4576e+06,42.629,41.599,291.08,0.0058688,3.2837e-11,3.0875e-11
0,1,0,10.739,2.3471e+05,43.683,42.889,285.84,0.0057188,3.1333e-11,3.2658e-11
0,1,0,12.04,86576,45.164,44.614,278.43,0.0033699,3.5848e-11,3.2119e-11
0,1,0,24.405,11431,44.258,41.803,286.91,0.0041334,3.3392e-11,2.8256e-11
0,1,0,8.553,4.4523e+05,43.782,43.092,285.42,0.004256,3.2451e-11,2.7927e-11
0,1,0,7.5702,9.782e+05,42.459,41.229,292.59,0.011198,3.1937e-11,2.7193e-11
0.0025773,0.99742,0.33333,8.2373,7.8506e+05,39.596,44.244,292.3,0.0082059,2.8181e-11,3.0862e-11
0,1,0,18.183,56355,42.342,44.298,285.5,0.0047335,3.3073e-11,2.7747e-11
0,1,0,19.774,43164,44.73,41.382,287.13,0.0072157,3.1022e-11,2.5843e-11
0,1,0,7.8346,1.1056e+06,42.565,42.17,290.16,0.0080036,3.8062e-11,2.8964e-11
0,1,0,15.152,2.5386e+05,40.884,41.076,296.84,0.015617,3.5587e-11,2.8748e-11
0,1,0,21.945,58000,43.434,39.745,294.08,0.009934,3.4253e-11,2.7984e-11
0,1,0,6.387,2.1062e+06,41.498,41.668,294.02,0.011548,3.5986e-11,3.0113e-11
0,1,0,20.189,45123,41.247,43.462,290.2,0.0068707,3.7157e-11,2.8347e-11
0,1,0,8.02,4.2747e+05,46.207,41.275,284.05,0.0063243,3.3899e-11,2.8483e-11
0,1,0,14.602,3.0637e+05,42.72,39.54,296.05,0.010391,3.0657e-11,2.619e-11
0,1,0,23.297,42665,42.042,40.222,296.07,0.010175,3.3563e-11,2.7327e-11
0,1,0,16.588,1.0206e+05,41.116,43.275,290.94,0.0081785,3.5417e-11,2.9873e-11
0,1,0,23.781,18373,44.035,41.28,288.83,0.0095214,3.424e-11,2.6919e-11
0,1,0,14.137,1.0111e+05,44.002,43.72,283.22,0.0071819,3.4769e-11,2.4885e-11
0,1,0,9.5351,9.2617e+05,42.152,43.036,289.3,0.0077009,3.0867e-11,3.0248e-11
0,1,0,6.1706,1.0708e+06,43.941,41.323,288.83,0.0056843,3.1526e-11,3.5491e-11
0,1,0,20.998,34526,44.264,42.789,284.76,0.0034217,3.4435e-11,2.8158e-11
0,1,0,9.4998,5.7266e+05,41.552,42.68,291.15,0.0095402,3.2717e-11,2.812e-11
0,1,0,13.883,1.2992e+05,43.209,43.193,286.04,0.0052316,3.0889e-11,2.7595e-11
0,1,0,21.658,41789,41.401,42.593,291.61,0.0057682,3.1953e-11,3.0898e-11
0,1,0,10.698,2.3448e+05,43.318,44.186,283.68,0.0050109,3.1005e-11,3.1369e-11
0,1,0,6.9979,7.0317e+05,42.155,44.288,286.04,0.0064321,3.0646e-11,3.2961e-11
0,1,0,6.7222,1.0102e+06,43.485,41.197,290.02,0.010103,3.5081e-11,2.6685e-11
0.014175,0.98582,0.33333,5.583,7.99e+05,41.564,45,285.78,0.0074594,3.864e-11,3.0278e-11
0,1,0,24.166,10447,45.027,41.647,285.4,0.0070512,3.1334e-11,3.0079e-11
0.003866,0.99613,0.33333,5.5981,2.4202e+06,43.245,40.75,292.21,0.0045165,3.212e-11,2.8515e-11
0,1,0,16.294,94563,44.847,41.253,287.03,0.0083133,2.7835e-11,3.0051e-11
0,1,0,12.996,2.5897e+05,41.14,42.806,291.61,0.0062684,3.7647e-11,3.2238e-11
0,1,0,24.41,20641,41.585,42.36,291.84,0.0070283,2.9784e-11,3.1548e-11
0,1,0,18.423,48668,42.645,43.607,286.59,0.0066019,3.1733e-11,2.8005e-11
0,1,0,23.335,14873,46.546,39.568,287.48,0.010555,3.5953e-11,2.9138e-11
0,1,0,17.371,50037,43.586,43.52,284.23,0.0043737,3.207e-11,2.9739e-11
0,1,0,9.4707,4.0017e+05,42.779,43.192,287.17,0.0088856,3.2558e-11,3.4179e-11
0,1,0,6.8778,6.0416e+05,43.488,44.007,283.63,0.0067425,3.133e-11,3.3574e-11
0,1,0,10.073,4.3532e+05,42.421,43.358,287.63,0.0087256,3.745e-11,3.473e-11
0,1,0,13.555,63963,45.338,44.299,278.71,0.0043522,3.7019e-11,2.919e-11
0,1,0,6.877,5.7802e+05,44.573,43.2,283,0.0031079,3.22e-11,2.9471e-11
0,1,0,22.94,23695,43.177,44.273,283.88,0.0032346,3.1307e-11,2.8423e-11
0,1,0,23.072,39269,41.368,41.145,295.31,0.010516,3.2408e-11,3.1594e-11
0,1,0,24.672,14823,43.224,41.496,289.95,0.012322,3.0844e-11,3.1167e-11
0,1,0,10.901,2.5748e+05,44.003,43.352,283.86,0.0066917,3.0775e-11,2.6871e-11
0,1,0,7.9296,1.5218e+06,42.123,41.291,293.52,0.011299,3.1868e-11,2.7272e-11
0,1,0,15.51,1.523e+05,43.13,42.028,289.02,0.0080022,2.8911e-11,2.8463e-11
0,1,0,16.293,1.9611e+05,40.996,42.685,292.78,0.008221,3.3714e-11,3.2751e-11
0,1,0,9.6348,6.9555e+05,41.063,42.694,292.39,0.011481,3.3598e-11,2.9706e-11
0,1,0,11.338,5.6806e+05,43.746,38.957,295.27,0.011388,2.9388e-11,3.2784e-11
0,1,0,7.2398,1.0502e+06,41.876,41.826,292.51,0.01109,2.7129e-11,3.1068e-11
0,1,0,18.095,86408,41.868,43.354,289.05,0.0091702,3.345e-11,2.8398e-11
0.0025773,0.99742,0.33333,5.4309,1.7071e+06,41.291,42.257,292.67,0.0098966,4.0758e-11,3.3491e-11
0,1,0,16.601,1.2642e+05,42.918,42.589,288.31,0.0059333,2.9783e-11,3.1556e-11
0,1,0,18.208,79169,44.824,38.957,292.63,0.0082618,3.0627e-11,3.2292e-11
0,1,0,9.6911,3.4503e+05,41.744,44.859,285.62,0.0056384,3.2173e-11,2.6896e-11
0,1,0,16.741,50509,44.166,43.264,283.56,0.0053546,3.4647e-11,2.743e-11
0,1,0,16.967,67775,42.511,44.589,284.68,0.0084742,3.5659e-11,3.107e-11
0,1,0,18.759,84797,42.822,40.615,293.15,0.0066439,3.3643e-11,3.0161e-11
0,1,0,7.4499,7.9621e+05,43.594,41.197,289.86,0.0085092,3.8263e-11,3.2965e-11
0,1,0,14.95,68955,44.712,43.242,282.67,0.0058527,2.8881e-11,2.6524e-11
0,1,0,7.5484,5.9744e+05,43.141,42.925,287.1,0.0076281,3.4157e-11,2.797e-11
0,1,0,19.296,34698,42.124,44.385,285.81,0.0032442,2.7947e-11,2.7288e-11
0,1,0,8.6114,9.59e+05,40.724,42.581,293.4,0.0094429,3.3023e-11,3.0176e-11
0,1,0,8.3644,6.9133e+05,40.657,44.672,288.89,0.0074096,3.5653e-11,2.8723e-11
0,1,0,21.478,16675,43.728,43.683,283.54,0.0036138,3.4856e-11,2.8496e-11
0,1,0,17.981,1.4115e+05,41.656,41.693,293.6,0.013678,3.081e-11,3.1037e-11
0,1,0,18.454,59867,43.785,41.026,290.02,0.0057655,3.5122e-11,2.9426e-11
0,1,0,10.212,2.3268e+05,44.231,42.89,284.21,0.0062119,2.8271e-11,3.0176e-11
0,1,0,13.251,2.8482e+05,41.901,41.843,292.22,0.0067238,3.3124e-11,2.9609e-11
0,1,0,9.6531,4.4936e+05,42.673,43.071,287.68,0.0058476,3.3379e-11,3.1227e-11
0,1,0,13.616,2.6112e+05,41.94,42.425,290.91,0.0075029,3.5238e-11,3.3693e-11
0,1,0,8.92,6.6038e+05,43.704,41.076,290.15,0.0046706,2.9795e-11,2.7631e-11
0,1,0,24.505,9060.9,42.419,44.717,284.57,0.0034468,2.9976e-11,2.657e-11
0,1,0,11.255,2.2332e+05,44.193,42.26,285.88,0.0048031,2.7652e-11,2.9349e-11
0,1,0,20.937,42022,41.342,43.401,289.93,0.0080517,3.0509e-11,2.6694e-11
0.0025773,0.99742,0.33333,7.6307,1.4056e+06,41.76,40.991,294.84,0.012797,2.9843e-11,2.8209e-11
0,1,0,17.613,1.6035e+05,41.98,39.86,297.2,0.010931,3.5428e-11,2.7963e-11
0,1,0,21.441,27163,43.952,42.92,285.22,0.007351,3.5735e-11,3.5776e-11
0,1,0,21.699,61709,40.933,40.607,297.67,0.0078914,3.9308e-11,2.9561e-11
0,1,0,20.097,32699,45.078,41.074,286.71,0.004445,3.3506e-11,2.9387e-11
0,1,0,18.001,83293,41.674,42.398,291.39,0.0097886,2.9338e-11,3.0158e-11
0,1,0,17.695,72610,45.76,39.582,289.19,0.010412,3.5069e-11,2.7961e-11
0,1,0,9.8019,9.5682e+05,40.056,41.729,297.27,0.011953,3.2419e-11,2.7212e-11
0,1,0,24.397,37263,40.386,41.743,296.35,0.012732,3.2462e-11,2.7623e-11
0,1,0,8.025,3.7536e+05,43.827,43.825,283.28,0.0053435,2.9189e-11,3.0436e-11
0,1,0,10.434,3.6699e+05,43.046,43.009,286.86,0.0082054,3.0706e-11,3.1955e-11
0,1,0,9.3279,6.4404e+05,42.726,42.914,288.03,0.0064581,3.4574e-11,2.7647e-11
0,1,0,15.154,1.2142e+05,44.254,42.053,286.55,0.0036349,2.9872e-11,3.0715e-11
0.0012887,0.99871,0.33333,7.1616,1.1974e+06,42.045,42.228,291.22,0.0088011,3.1e-11,3.0545e-11
0,1,0,19.815,93679,41.48,40.34,296.89,0.010878,3.3125e-11,3.4412e-11
0,1,0,7.2083,1.9599e+06,40.761,40.517,298.34,0.0083003,3.2248e-11,3.1438e-11
0,1,0,19.766,68247,42.298,42.182,290.64,0.0088918,3.3182e-11,2.9133e-11
0,1,0,22.757,35398,41.762,41.754,293.05,0.010133,3.3957e-11,3.0285e-11
0,1,0,17.589,91628,43.305,41.413,290.21,0.0076954,3.3104e-11,2.9362e-11
0,1,0,23.448,19587,41.908,43.486,288.48,0.0042659,3.2302e-11,2.4964e-11
0.0025773,0.99742,0.66667,5.6303,1.093e+06,43.575,41.963,288.18,0.0047732,3.1246e-11,2.8179e-11
0,1,0,13.403,2.1192e+05,42.278,42.757,289.53,0.0089677,3.4069e-11,2.7997e-11
0,1,0,8.0076,6.9396e+05,41.463,43.5,289.48,0.008755,3.2678e-11,2.9845e-11
0,1,0,15.651,1.2117e+05,42.847,43.478,286.6,0.0088788,3.2955e-11,2.962e-11
0,1,0,12.662,5.554e+05,41.766,40.66,295.63,0.0078405,3.4202e-11,3.4126e-11
0,1,0,15.355,1.5869e+05,42.763,42.458,288.9,0.0057653,3.0075e-11,2.6524e-11
0,1,0,12.907,2.7159e+05,42.749,41.931,290.07,0.0085625,2.8519e-11,2.948e-11
0.0012887,0.99871,0.33333,5.7967,1.3799e+06,42.601,42.44,289.41,0.0082064,3.3343e-11,2.7039e-11
0,1,0,17.124,1.5767e+05,44.11,39.315,293.57,0.0038606,2.901e-11,3.1279e-11
0,1,0,17.264,1.2566e+05,41.747,41.135,294.46,0.0090585,2.9955e-11,3.0005e-11
0,1,0,8.1917,1.3777e+06,42.535,39.547,296.63,0.0097507,3.1991e-11,2.9059e-11
0.010309,0.98969,0.66667,5.499,1.4501e+06,43.336,41.228,290.58,0.0049526,3.303e-11,3.0664e-11
0,1,0,23.201,20476,43.737,41.383,289.08,0.0044363,3.2451e-11,2.7093e-11
0.0012887,0.99871,0.33333,5.4077,1.3074e+06,42.976,41.952,289.61,0.0082438,3.2219e-11,3.0484e-11
0,1,0,22.25,19817,43.302,42.844,286.6,0.0067591,3.3866e-11,2.8679e-11
0,1,0,23.331,16501,42.571,43.833,286.23,0.0059723,3.2521e-11,2.8395e-11
0,1,0,14.437,76995,42.376,45.599,282.48,0.0063836,3.127e-11,3.267e-11
0,1,0,16.784,1.1589e+05,42.749,42.324,289.28,0.010377,3.1869e-11,2.9562e-11
0,1,0,24.466,15841,45.237,39.354,290.85,0.012521,3.3877e-11,3.3769e-11
0,1,0,8.9799,3.4356e+05,44.725,42.238,284.59,0.0015407,2.978e-11,2.952e-11
0,1,0,21.48,47784,42.1,43.563,288.25,0.0057183,3.785e-11,3.1581e-11
0,1,0,22.856,20904,44.492,42.057,286.36,0.0076323,3.8278e-11,2.9311e-11
0,1,0,12.111,6.522e+05,41.682,39.136,299.37,0.008812,3.1216e-11,3.06e-11
0,1,0,5.7291,1.5253e+06,41.642,42.275,291.75,0.0057121,3.3128e-11,3.1888e-11
0,1,0,17.673,53249,44.74,41.37,286.74,0.0062627,3.8255e-11,3.013e-11
0,1,0,17.971,2.001e+05,40.53,39.545,301.16,0.010742,2.9375e-11,3.3431e-11
0,1,0,10.57,4.6721e+05,43.522,41.043,290.55,0.0050604,2.8956e-11,3.5472e-11
0,1,0,12.531,2.592e+05,44.171,40.445,290.56,0.0095064,3.2465e-11,3.0578e-11
0,1,0,7.629,6.3108e+05,42.846,44.11,284.95,0.0053883,3.5514e-11,2.7991e-11
0,1,0,16.078,1.5162e+05,43.271,40.356,292.94,0.0080943,3.2934e-11,3.0277e-11
0,1,0,17.229,95345,42.874,41.373,291.29,0.0089377,3.0885e-11,2.9853e-11
0,1,0,17.526,84814,43.775,40.856,290.32,0.0059721,3.4517e-11,3.0521e-11
0,1,0,10.683,6.3197e+05,41.81,41.011,294.84,0.010152,3.6896e-11,3.1233e-11
0,1,0,6.0368,1.0462e+06,42.591,42.513,289.16,0.0081031,3.4259e-11,2.9538e-11
0,1,0,23.472,57536,40.126,39.996,301.34,0.015997,2.8315e-11,3.0123e-11
0,1,0,19.466,42647,44.58,42.29,285.1,0.0040921,2.9924e-11,3.7078e-11
0,1,0,11.303,2.5461e+05,42.122,44.01,286.88,0.0067189,3.3696e-11,2.6709e-11
0,1,0,11.204,2.8396e+05,44.102,43.371,283.78,0.0036048,3.2983e-11,3.0679e-11
0,1,0,8.593,1.8144e+06,39.855,40.13,301.4,0.010699,3.6767e-11,2.9913e-11
0,1,0,14.219,3.5371e+05,40.186,41.301,297.68,0.0081314,3.5901e-11,2.6546e-11
0,1,0,12.356,3.7692e+05,43.098,39.946,294.01,0.010059,3.5079e-11,3.1203e-11
0,1,0,23.335,53827,41.082,40.447,297.77,0.010138,2.7851e-11,2.899e-11
0,1,0,21.762,31469,41.928,42.462,291.26,0.0088807,3.3809e-11,3.0678e-11
0,1,0,18.682,38055,44.146,42.47,285.53,0.0037819,3.6062e-11,2.99e-11
0,1,0,15.643,97281,44.375,41.285,288.28,0.0050091,2.7319e-11,3.2356e-11
0,1,0,16.627,2.4964e+05,40.909,40.019,299.13,0.0080801,3.2171e-11,2.6391e-11
0,1,0,15.36,1.8109e+05,39.31,44.355,293.05,0.012178,3.4714e-11,2.8885e-11
0,1,0,9.4436,3.7236e+05,42.333,43.931,286.25,0.0059131,3.45e-11,3.0963e-11
0,1,0,23.663,13436,43.965,42.464,286.12,0.0048481,3.3237e-11,3.4184e-11
0.0051546,0.99485,0.33333,5.9268,1.3494e+06,42.671,41.234,291.9,0.0062469,4.0231e-11,2.6908e-11
0,1,0,20.926,62436,41.622,41.521,293.68,0.0075719,2.8354e-11,2.8404e-11
0,1,0,23.284,39056,42.441,40.481,294.37,0.0096387,3.3807e-11,2.815e-11
0,1,0,10.988,5.1152e+05,42.081,41.551,292.48,0.0064887,3.0403e-11,3.0275e-11
0,1,0,12.667,4.3367e+05,42.505,39.848,295.67,0.0075381,3.3707e-11,2.8262e-11
0,1,0,9.6276,4.2003e+05,42.221,43.224,288.09,0.0060478,3.3246e-11,2.7785e-11
0,1,0,15.186,2.6926e+05,43.125,41.358,290.89,0.005066,3.607e-11,3.1808e-11
0.0025773,0.99742,0.33333,5.1206,2.018e+06,43.966,39.533,293.06,0.0042266,3.068e-11,3.3099e-11
0,1,0,10.716,5.2628e+05,39.819,43.249,294.03,0.012827,3.2714e-11,3.0942e-11
0,1,0,21.567,76600,42.637,38.507,299.02,0.012895,3.115e-11,3.0472e-11
0,1,0,10.661,1.8601e+05,45.158,42.535,283.03,0.0056551,3.2814e-11,3.355e-11
0,1,0,11.05,6.3499e+05,40.503,41.528,296.51,0.0076344,3.8809e-11,2.7935e-11
0,1,0,16.926,1.6102e+05,42.028,40.145,296.19,0.0049887,2.8569e-11,2.8991e-11
0,1,0,21.364,34862,41.172,43.105,291.16,0.010785,3.8002e-11,2.6619e-11
0,1,0,7.0037,1.4496e+06,41.394,41.055,295.33,0.009991,2.9034e-11,2.9438e-11
0,1,0,19.359,64793,41.6,42.614,291.46,0.0055497,3.368e-11,2.7305e-11
0,1,0,8.6111,6.6904e+05,43.145,42.882,286.95,0.0054626,2.9157e-11,3.17e-11
0,1,0,6.9743,1.1926e+06,42.704,40.734,293.09,0.0076126,3.0295e-11,3.426e-11
0,1,0,20.346,49848,41.278,43.285,290.31,0.0049352,2.9384e-11,2.7575e-11
0,1,0,19.633,35401,43.144,43.209,286.15,0.0046133,3.4717e-11,3.149e-11
0,1,0,16.479,72762,44.733,41.935,285.63,0.003333,3.4443e-11,3.2994e-11
0,1,0,19.24,59016,44.639,39.626,291.44,0.0095218,3.1103e-11,3.2248e-11
0,1,0,18.661,93637,40.909,42.084,294.03,0.0075154,3.4165e-11,2.9582e-11
0,1,0,7.9267,1.1216e+06,41.927,40.796,294.85,0.011297,3.2603e-11,3.2973e-11
0,1,0,10.809,1.9148e+05,45.581,42.167,283.13,0.0046407,3.0801e-11,2.6719e-11
0,1,0,22.178,20124,44.396,43.27,283.46,0.0040113,3.182e-11,2.5534e-11
0,1,0,17.389,67552,42.272,44.301,285.8,0.0077998,3.7328e-11,2.9985e-11
0.0025773,0.99742,0.33333,5.6951,1.4883e+06,43.064,40.945,291.8,0.0072749,3.3796e-11,2.645e-11
0,1,0,9.4361,4.5251e+05,42.628,43.831,286.15,0.0059708,2.9252e-11,2.8341e-11
0,1,0,18.128,57220,44.362,41.341,287.91,0.0095613,3.1551e-11,3.3075e-11
0,1,0,14.027,2.2322e+05,41.949,43.375,288.79,0.0079824,3.4645e-11,3.1e-11
0,1,0,14.04,1.1988e+05,42.113,44.422,285.68,0.0066173,3.4784e-11,3.2697e-11
0,1,0,10.672,7.7601e+05,42.863,40.319,293.88,0.0067288,3.1164e-11,2.9619e-11
0,1,0,11.664,2.3253e+05,42.994,43.678,285.4,0.00591,3.3651e-11,3.0497e-11
0,1,0,14.073,3.7063e+05,41.218,41.852,294.37,0.010944,3.0454e-11,2.9441e-11
0,1,0,9.5489,9.8551e+05,41.404,40.227,297.45,0.010658,3.2635e-11,2.9928e-11
0,1,0,16.698,2.4665e+05,39.087,41.454,299.98,0.0024727,3.2363e-11,3.0549e-11
0,1,0,24.985,34287,41.551,40.541,296.71,0.016096,3.3817e-11,2.8714e-11
0,1,0,22.419,14325,44.365,43.356,283.13,0.0051799,3.4536e-11,3.2609e-11
0,1,0,21.228,19929,43.751,43.874,283.42,0.0058867,3.194e-11,2.8627e-11
0,1,0,11.606,4.4331e+05,42.764,41.353,291.7,0.0054476,3.3194e-11,2.7251e-11
0,1,0,9.4132,1.0709e+06,41.062,40.322,298.06,0.0090087,3.1753e-11,3.0813e-11
0,1,0,24.611,14725,43.65,41.045,289.97,0.0074945,3.4804e-11,2.8523e-11
0,1,0,19.209,72578,43.714,39.699,293.57,0.0086592,3.1182e-11,2.7809e-11
0,1,0,20.142,31424,45.18,41.371,285.86,0.0050295,2.9311e-11,2.783e-11
0,1,0,18.254,50847,41.286,44.471,287.58,0.007015,3.7726e-11,2.5896e-11
0.0025773,0.99742,0.33333,5.7354,1.6836e+06,42.726,40.413,293.75,0.0090844,3.036e-11,3.489e-11
0,1,0,14.542,3.1204e+05,41.85,42.38,291.53,0.0083706,3.498e-11,3.1381e-11
0,1,0,21.169,23857,44.83,41.587,286.13,0.003942,3.3949e-11,3.2734e-11
0,1,0,10.794,3.2613e+05,43.186,43.099,286.71,0.005668,3.8778e-11,2.9781e-11
0,1,0,11.114,3.6083e+05,41.213,43.749,289.5,0.0080607,3.5475e-11,3.2174e-11
0,1,0,18.903,46218,42.332,43.347,287.58,0.0044592,3.3362e-11,2.803e-11
0,1,0,7.5624,8.1193e+05,42.768,42.111,289.77,0.010565,3.2662e-11,3.1861e-11
0,1,0,24.735,10836,44.277,41.879,286.91,0.0097904,3.2092e-11,2.4459e-11
0.0025773,0.99742,0.33333,5.3908,1.3443e+06,42.116,44.298,286.25,0.007704,3.1247e-11,2.9185e-11
0,1,0,19.739,82751,41.235,40.963,296.15,0.010085,4.0406e-11,3.1712e-11
0,1,0,16.276,1.8547e+05,41.901,41.266,294.25,0.01278,2.8095e-11,2.5826e-11
0,1,0,11.164,7.4755e+05,42.154,40.237,295.69,0.0093275,3.3382e-11,2.9605e-11
0,1,0,5.817,1.1394e+06,43.129,41.941,289.37,0.0097337,3.8922e-11,2.9773e-11
0,1,0,16.222,1.8798e+05,42.643,41.31,292.03,0.01098,3.6461e-11,3.285e-11
0.0025773,0.99742,0.33333,5.6355,1.5689e+06,40.441,43.292,292.42,0.01016,3.8399e-11,3.8333e-11
0,1,0,6.9249,2.2455e+06,40.739,40.216,299.28,0.009066,3.0463e-11,3.2315e-11
0,1,0,17.874,1.0211e+05,42.874,40.605,292.82,0.0051738,3.3136e-11,2.7576e-11
0,1,0,12.999,1.5408e+05,44.853,41.466,286.47,0.0069143,3.193e-11,3.071e-11
0,1,0,21.827,62724,41.076,40.16,298.31,0.0071061,3.7029e-11,3.2079e-11
0.0012887,0.99871,0.33333,7.4849,3.0181e+06,39.955,38.943,304.31,0.015143,3.0929e-11,2.8278e-11
0,1,0,18.527,94076,42.948,40.413,293.26,0.0097606,3.5968e-11,2.8617e-11
0,1,0,24.761,35336,42.595,41.428,292.19,0.0068858,3.0819e-11,3.3114e-11
0,1,0,22.973,51965,41.224,39.838,298.98,0.011444,3.5303e-11,2.8417e-11
0,1,0,14.423,1.1778e+05,44.568,41.488,286.97,0.0047289,3.0468e-11,2.7418e-11
0,1,0,9.3759,3.8684e+05,42.09,43.971,286.71,0.0049733,3.3829e-11,2.4515e-11
0,1,0,16.189,57673,43.743,44.105,283.02,0.0055585,3.2929e-11,2.6088e-11
0,1,0,18.006,1.1704e+05,42.711,41.48,291.51,0.0089382,3.6063e-11,3.1999e-11
0,1,0,18.137,50682,44.15,42.068,286.53,0.0042071,3.2257e-11,3.211e-11
0,1,0,22.581,21486,44.021,42.264,286.44,0.0076196,3.3248e-11,2.6969e-11
0,1,0,12.65,2.3282e+05,42.232,42.883,289.43,0.0098618,3.1455e-11,3.3294e-11
0,1,0,21.662,20763,43.457,42.836,286.34,0.0058198,3.6728e-11,3.3522e-11
0,1,0,15.4,1.1408e+05,43.288,42.079,288.68,0.0078734,3.0759e-11,3.0027e-11
0,1,0,13.633,2.7989e+05,41.836,43.037,290,0.009863,3.5098e-11,3.3519e-11
0,1,0,15.791,1.1377e+05,43.591,41.407,289.39,0.0070498,2.8696e-11,3.3554e-11
0,1,0,24.85,19613,42.944,41.857,289.96,0.0080914,3.408e-11,2.936e-11
0,1,0,24.105,14481,42.977,43.491,285.94,0.0069353,3.3645e-11,2.7419e-11
0,1,0,21.129,70174,42.756,40.203,294.42,0.0094074,3.2684e-11,2.924e-11
0,1,0,22.604,42521,42.828,40.217,294.3,0.010042,3.1784e-11,2.6779e-11
0,1,0,19.245,37766,43.231,42.834,286.85,0.004591,3.4421e-11,3.4058e-11
0,1,0,18.805,46185,43.658,42.39,286.86,0.0027212,3.0279e-11,2.9858e-11
0,1,0,16.794,2.0318e+05,41.088,41.968,294.24,0.0097245,3.4332e-11,3.0601e-11
0,1,0,11.475,5.7368e+05,42.377,41.838,291.48,0.0056137,2.6706e-11,3.2093e-11
0,1,0,23.174,8472.3,44.541,44.498,280.24,0.0062151,3.4129e-11,2.8882e-11
0,1,0,21.765,30907,42.912,42.081,289.57,0.0055214,3.509e-11,2.9573e-11
0.011598,0.9884,1,5.3278,2.3889e+06,39.889,42.315,296.02,0.010234,2.7222e-11,2.9041e-11
0,1,0,19.267,31331,44.86,43.137,282.42,0.0040964,3.1021e-11,2.8577e-11
0,1,0,19.352,40997,43.515,42.16,287.93,0.0084186,3.1717e-11,2.6924e-11
0,1,0,13.46,3.0185e+05,42.071,43.822,287.56,0.0061849,3.2372e-11,3.2358e-11
0,1,0,16.518,1.773e+05,43.098,41.237,291.41,0.012633,3.4387e-11,3.5139e-11
0,1,0,19.594,24642,45.502,42.436,282.67,0.00564,3.3369e-11,2.8939e-11
0,1,0,21.601,32956,44.302,40.921,289.03,0.0048076,3.5748e-11,3.4616e-11
0,1,0,16.032,1.3668e+05,41.733,42.094,292.15,0.0064222,3.263e-11,3.0539e-11
0,1,0,15.462,72751,43.363,43.819,284.14,0.0053916,3.2112e-11,3.1643e-11
0,1,0,20.709,38149,40.827,43.838,290.3,0.0063362,3.3732e-11,2.5725e-11
0,1,0,23.561,13262,44.185,42.133,286.28,0.0047898,2.8553e-11,3.5612e-11
0,1,0,12.866,4.2658e+05,41.073,42.789,292.25,0.0093903,3.4732e-11,2.9558e-11
0,1,0,22.674,25910,41.46,43.186,290.51,0.0067763,3.3405e-11,2.6898e-11
0,1,0,9.6929,4.063e+05,43.356,43.911,284.25,0.0058084,2.9759e-11,2.9427e-11
0,1,0,12.026,3.0962e+05,43.068,41.207,291.1,0.0082683,2.9723e-11,2.9905e-11
0,1,0,14.156,1.2591e+05,42.969,43.948,284.83,0.00565,3.0924e-11,3.0032e-11
0,1,0,6.2604,1.3568e+06,43.668,41.943,288.28,0.011295,3.0931e-11,3.3719e-11
0,1,0,14.477,1.8966e+05,44.319,40.537,289.84,0.0053479,3.8774e-11,3.4409e-11
0,1,0,21.257,51187,41.648,42.945,290.52,0.0108,3.3968e-11,2.7984e-11
0.003866,0.99613,0.66667,5.7452,2.2193e+06,42.659,40.8,293.34,0.0075611,3.2431e-11,2.8426e-11
0.007732,0.99227,0.66667,5.3578,1.2453e+06,43.295,41.647,289.55,0.0071189,3.358e-11,2.563e-11
0,1,0,17.138,54497,43.594,43.209,285.5,0.0022251,3.7295e-11,3.3069e-11
0,1,0,15.353,2.6685e+05,41.856,40.587,295.45,0.0079867,3.0551e-11,3.0163e-11
0,1,0,17.353,38660,44.902,43.519,281.57,0.0054224,3.4807e-11,2.8059e-11
0,1,0,19.744,31255,42.092,44.64,285.2,0.0031493,3.1373e-11,3.3427e-11
0,1,0,6.8023,6.8868e+05,41.245,45.01,286.5,0.0073186,3.0778e-11,2.7546e-11
0,1,0,19.102,55196,42.091,43.477,288.16,0.0027896,3.1364e-11,2.5227e-11
0,1,0,19.269,93697,41.552,41.513,294.09,0.011947,3.1011e-11,2.8726e-11
0,1,0,21.78,25650,44.824,41.896,285.61,0.0077847,2.806e-11,2.9033e-11
0,1,0,17.605,56797,43.543,42.473,286.95,0.0068142,2.807e-11,3.0152e-11
0,1,0,10.77,5.4444e+05,41.286,41.719,293.83,0.0054261,3.9616e-11,2.7216e-11
0,1,0,20.17,24755,42.288,45.407,283.51,0.0070371,3.2582e-11,3.1661e-11
0,1,0,22.834,23218,44.044,43.206,284.23,0.002682,3.1839e-11,3.2522e-11
0,1,0,15.504,1.6913e+05,41.654,42.053,292.33,0.0087656,2.953e-11,2.764e-11
0,1,0,13.717,3.2066e+05,41.669,40.67,295.8,0.014663,3.602e-11,2.8475e-11
0,1,0,16.406,1.5019e+05,41.731,42.376,291.64,0.011551,3.3473e-11,2.9592e-11
0,1,0,10.328,5.8963e+05,42.79,40.569,293.33,0.0092666,3.213e-11,2.7378e-11
0,1,0,15.611,44234,44.422,44.874,279.32,0.0025434,3.9853e-11,2.9656e-11
0,1,0,15.494,1.6977e+05,42.043,42.631,290.15,0.005715,3.1451e-11,3.013e-11
0,1,0,6.8921,2.0231e+06,41.803,40.433,296.19,0.014447,3.0642e-11,3.2859e-11
0,1,0,10.256,4.7354e+05,41.123,43.8,289.6,0.0055667,3.219e-11,2.7525e-11
0,1,0,21.159,26264,41.107,44.559,287.85,0.0085157,3.3706e-11,3.4266e-11
0,1,0,10.233,3.8558e+05,40.483,44.64,289.21,0.0057324,2.8563e-11,2.8952e-11
0,1,0,7.9346,1.0866e+06,43.694,39.305,294.48,0.01113,3.1321e-11,2.9318e-11
0,1,0,11.843,3.3801e+05,41.369,42.658,291.79,0.0088348,2.9857e-11,3.2885e-11
0,1,0,18.554,59592,42.454,42.61,289.23,0.0097905,3.7909e-11,2.5479e-11
0,1,0,12.359,4.7317e+05,41.148,41.473,295.09,0.011438,3.5558e-11,2.4914e-11
0,1,0,5.9695,2.1858e+06,40.913,40.735,297.17,0.0085351,3.6601e-11,2.7808e-11
0,1,0,8.643,4.4384e+05,43.166,43.8,285,0.0070833,3.0951e-11,2.7087e-11
0,1,0,11.421,2.4997e+05,42.368,43.432,287.68,0.0056006,3.0153e-11,2.8234e-11
0,1,0,17.187,1.0253e+05,42.258,41.674,291.72,0.0096464,3.0112e-11,2.8357e-11
0,1,0,10.254,8.4703e+05,42.69,42.085,290.28,0.0086096,3.793e-11,2.8312e-11
0,1,0,16.683,48475,44.258,43.541,282.74,0.0047949,3.4104e-11,2.749e-11
0,1,0,15.616,1.3877e+05,40.841,43.217,291.8,0.0095852,3.1992e-11,3.0122e-11
0,1,0,15.812,1.5076e+05,43.877,39.963,292.23,0.010285,3.433e-11,2.7418e-11
0,1,0,20.063,39637,44.929,41.123,287.16,0.0060885,3.4722e-11,3.0107e-11
0.0012887,0.99871,0.33333,5.8677,7.4956e+05,44.787,42.375,284.53,0.0082649,3.5371e-11,3.5061e-11
0,1,0,13.215,1.8508e+05,43.542,41.549,289.77,0.0091765,3.53e-11,2.9436e-11
0,1,0,5.9423,2.1898e+06,42.55,40.622,293.95,0.010731,3.34e-11,3.0782e-11
0,1,0,23.218,20551,44.09,41.623,287.86,0.0097647,2.9371e-11,2.8569e-11
0,1,0,15.61,1.9244e+05,43.526,40.638,291.55,0.0072717,3.4075e-11,2.9228e-11
0,1,0,15.597,2.0367e+05,42.999,39.735,294.83,0.0085316,3.1317e-11,2.7823e-11
0,1,0,13.556,1.9314e+05,42.15,42.442,290.55,0.0084767,3.0988e-11,2.9585e-11
0.007732,0.99227,0.66667,5.1796,1.6775e+06,42.43,42.027,290.64,0.008895,3.3921e-11,3.3433e-11
0,1,0,15.649,2.0937e+05,42.248,43.277,288.44,0.0076558,3.1708e-11,2.9402e-11
0.0012887,0.99871,0.33333,6.4441,6.1712e+05,44.189,43.166,283.84,0.0039245,2.8831e-11,2.8633e-11
0,1,0,9.2175,3.8465e+05,41.705,44.498,286.58,0.0057355,2.9705e-11,2.9256e-11
0,1,0,9.4245,1.2185e+06,42.112,39.485,297.83,0.016753,3.0133e-11,3.1097e-11
0,1,0,20.775,57474,42.519,42.966,288.5,0.0059282,3.1117e-11,2.6234e-11
0,1,0,23.56,19866,43.138,42.263,288.44,0.0076201,3.5109e-11,2.9619e-11
0,1,0,10.497,4.2474e+05,42.503,41.725,291.31,0.009405,3.0616e-11,2.6233e-11
0,1,0,7.2213,8.0803e+05,43.324,42.798,286.75,0.0055119,2.9699e-11,2.9048e-11
0,1,0,15.556,1.3841e+05,42.16,42.097,291.03,0.0042572,2.9325e-11,3.7455e-11
0,1,0,21.461,31990,43.851,42.415,286.56,0.0067647,2.7804e-11,3.0022e-11
0.0012887,0.99871,0.33333,9.4073,4.7734e+05,44.583,40.553,289.26,0.0051595,3.2393e-11,2.9933e-11
0,1,0,18.716,53746,43.799,41.28,289.43,0.0066926,3.9878e-11,2.8167e-11
0,1,0,12.672,4.5387e+05,41.503,40.529,296.41,0.0099356,4.3673e-11,2.6512e-11
0.011598,0.9884,0.66667,5.4073,2.734e+06,41.888,42.226,291.77,0.012126,3.3121e-11,3.0658e-11
0,1,0,14.181,1.0705e+05,43.511,43.468,284.58,0.0049031,2.8705e-11,2.5809e-11
0,1,0,24.122,25825,42.838,41.674,290.78,0.0073937,3.0041e-11,2.9656e-11
0,1,0,22.97,26057,42.49,43.018,288.21,0.0072001,3.4437e-11,3.2763e-11
0,1,0,17.146,1.4683e+05,40.986,42.642,292.7,0.0088805,3.3601e-11,2.99e-11
0,1,0,12.164,3.3804e+05,42.679,42.095,290.02,0.0089444,3.1914e-11,2.7546e-11
0,1,0,21.835,44373,41.46,41.682,293.73,0.0032573,3.0126e-11,3.0766e-11
0,1,0,23.857,30685,39.697,42.909,295.29,0.010249,3.0645e-11,2.9522e-11
0,1,0,16.27,1.1329e+05,43.784,40.791,290.77,0.0062621,3.155e-11,2.7509e-11
0,1,0,11.126,1.7527e+05,43.966,43.645,283.22,0.0032343,3.1946e-11,2.9331e-11
0,1,0,19.314,39571,44.69,42.7,283.9,0.0064204,3.3728e-11,2.8661e-11
0,1,0,13.366,1.0628e+05,43.713,43.816,283.5,0.0036522,3.3438e-11,3.5715e-11
